_time,host,user,event_type,process,query,dest_domain,dest_port,action,bytes_out,parent_process
2026-03-16T09:00:00,WIN-EMP-07,j.smith,dns_query,chrome.exe,github.com,github.com,443,allowed,1456,
2026-03-16T09:00:01,WIN-EMP-03,f.miller,dns_query,chrome.exe,github.com,github.com,443,allowed,366,
2026-03-16T09:00:05,WIN-EMP-06,a.jones,dns_query,chrome.exe,google.com,google.com,443,allowed,488,
2026-03-16T09:00:10,WIN-EMP-03,f.miller,dns_query,chrome.exe,office.com,office.com,443,allowed,1057,
2026-03-16T09:00:11,WIN-EMP-07,c.lee,dns_query,chrome.exe,microsoft.com,microsoft.com,443,allowed,1108,
2026-03-16T09:00:16,WIN-EMP-07,d.ali,dns_query,chrome.exe,google.com,google.com,443,allowed,929,
2026-03-16T09:00:19,WIN-EMP-05,c.lee,dns_query,chrome.exe,google.com,google.com,443,allowed,814,
2026-03-16T09:00:24,WIN-EMP-07,f.miller,dns_query,chrome.exe,bing.com,bing.com,443,allowed,787,
2026-03-16T09:00:27,WIN-EMP-06,d.ali,dns_query,chrome.exe,google.com,google.com,443,allowed,1636,
2026-03-16T09:00:32,WIN-EMP-03,e.khan,dns_query,chrome.exe,github.com,github.com,443,allowed,1006,
2026-03-16T09:00:35,WIN-EMP-01,e.khan,dns_query,chrome.exe,microsoft.com,microsoft.com,443,allowed,1878,
2026-03-16T09:00:37,WIN-EMP-07,a.jones,dns_query,chrome.exe,google.com,google.com,443,allowed,1392,
2026-03-16T09:00:41,WIN-EMP-05,b.smith,dns_query,chrome.exe,github.com,github.com,443,allowed,1428,
2026-03-16T09:00:44,WIN-EMP-07,d.ali,dns_query,chrome.exe,google.com,google.com,443,allowed,565,
2026-03-16T09:00:46,WIN-EMP-01,d.ali,dns_query,chrome.exe,microsoft.com,microsoft.com,443,allowed,350,
2026-03-16T09:00:48,WIN-EMP-02,c.lee,dns_query,chrome.exe,google.com,google.com,443,allowed,1766,
2026-03-16T09:00:49,WIN-EMP-05,c.lee,dns_query,chrome.exe,office.com,office.com,443,allowed,1543,
2026-03-16T09:00:52,WIN-EMP-07,d.ali,dns_query,chrome.exe,office.com,office.com,443,allowed,1864,
2026-03-16T09:00:57,WIN-EMP-04,a.jones,dns_query,chrome.exe,bing.com,bing.com,443,allowed,508,
2026-03-16T09:01:00,WIN-EMP-05,a.jones,dns_query,chrome.exe,microsoft.com,microsoft.com,443,allowed,1463,
2026-03-16T09:01:02,WIN-EMP-06,d.ali,dns_query,chrome.exe,microsoft.com,microsoft.com,443,allowed,394,
2026-03-16T09:01:05,WIN-EMP-02,f.miller,dns_query,chrome.exe,bing.com,bing.com,443,allowed,1909,
2026-03-16T09:01:08,WIN-EMP-04,e.khan,dns_query,chrome.exe,google.com,google.com,443,allowed,1377,
2026-03-16T09:01:10,WIN-EMP-05,e.khan,dns_query,chrome.exe,office.com,office.com,443,allowed,1653,
2026-03-16T09:01:15,WIN-EMP-01,b.smith,dns_query,chrome.exe,google.com,google.com,443,allowed,1010,
2026-03-16T09:01:18,WIN-EMP-06,c.lee,dns_query,chrome.exe,bing.com,bing.com,443,allowed,1774,
2026-03-16T09:01:23,WIN-EMP-01,j.smith,dns_query,chrome.exe,office.com,office.com,443,allowed,1381,
2026-03-16T09:01:25,WIN-EMP-02,f.miller,dns_query,chrome.exe,github.com,github.com,443,allowed,1793,
2026-03-16T09:01:26,WIN-EMP-03,a.jones,dns_query,chrome.exe,google.com,google.com,443,allowed,294,
2026-03-16T09:01:27,WIN-EMP-07,a.jones,dns_query,chrome.exe,bing.com,bing.com,443,allowed,1093,
2026-03-16T09:01:32,WIN-EMP-03,a.jones,dns_query,chrome.exe,bing.com,bing.com,443,allowed,1120,
2026-03-16T09:01:35,WIN-EMP-03,b.smith,dns_query,chrome.exe,google.com,google.com,443,allowed,419,
2026-03-16T09:01:38,WIN-EMP-06,c.lee,dns_query,chrome.exe,office.com,office.com,443,allowed,1649,
2026-03-16T09:01:42,WIN-EMP-02,b.smith,dns_query,chrome.exe,microsoft.com,microsoft.com,443,allowed,954,
2026-03-16T09:01:43,WIN-EMP-02,e.khan,dns_query,chrome.exe,microsoft.com,microsoft.com,443,allowed,531,
2026-03-16T09:01:48,WIN-EMP-05,d.ali,dns_query,chrome.exe,google.com,google.com,443,allowed,709,
2026-03-16T09:01:52,WIN-EMP-01,a.jones,dns_query,chrome.exe,office.com,office.com,443,allowed,214,
2026-03-16T09:01:55,WIN-EMP-01,f.miller,dns_query,chrome.exe,office.com,office.com,443,allowed,923,
2026-03-16T09:01:58,WIN-EMP-01,c.lee,dns_query,chrome.exe,google.com,google.com,443,allowed,1556,
2026-03-16T09:01:59,WIN-EMP-07,f.miller,dns_query,chrome.exe,office.com,office.com,443,allowed,1910,
2026-03-16T09:02:03,WIN-EMP-04,j.smith,dns_query,chrome.exe,microsoft.com,microsoft.com,443,allowed,1149,
2026-03-16T09:02:05,WIN-EMP-03,e.khan,dns_query,chrome.exe,office.com,office.com,443,allowed,753,
2026-03-16T09:02:08,WIN-EMP-05,d.ali,dns_query,chrome.exe,bing.com,bing.com,443,allowed,534,
2026-03-16T09:02:13,WIN-EMP-06,a.jones,dns_query,chrome.exe,microsoft.com,microsoft.com,443,allowed,823,
2026-03-16T09:02:15,WIN-EMP-05,j.smith,dns_query,chrome.exe,microsoft.com,microsoft.com,443,allowed,1438,
2026-03-16T09:02:17,WIN-EMP-06,b.smith,dns_query,chrome.exe,office.com,office.com,443,allowed,200,
2026-03-16T09:02:18,WIN-EMP-07,c.lee,dns_query,chrome.exe,bing.com,bing.com,443,allowed,1765,
2026-03-16T09:02:19,WIN-EMP-06,a.jones,dns_query,chrome.exe,bing.com,bing.com,443,allowed,1644,
2026-03-16T09:02:22,WIN-EMP-01,a.jones,dns_query,chrome.exe,bing.com,bing.com,443,allowed,1992,
2026-03-16T09:02:23,WIN-EMP-03,j.smith,dns_query,chrome.exe,github.com,github.com,443,allowed,1455,
2026-03-16T09:02:25,WIN-EMP-07,d.ali,dns_query,chrome.exe,microsoft.com,microsoft.com,443,allowed,1211,
2026-03-16T09:02:27,WIN-EMP-05,e.khan,dns_query,chrome.exe,microsoft.com,microsoft.com,443,allowed,1161,
2026-03-16T09:02:32,WIN-EMP-03,a.jones,dns_query,chrome.exe,microsoft.com,microsoft.com,443,allowed,676,
2026-03-16T09:02:37,WIN-EMP-03,d.ali,dns_query,chrome.exe,office.com,office.com,443,allowed,1873,
2026-03-16T09:02:39,WIN-EMP-01,c.lee,dns_query,chrome.exe,bing.com,bing.com,443,allowed,331,
2026-03-16T09:02:43,WIN-EMP-04,f.miller,dns_query,chrome.exe,github.com,github.com,443,allowed,1583,
2026-03-16T09:02:45,WIN-EMP-06,b.smith,dns_query,chrome.exe,google.com,google.com,443,allowed,1534,
2026-03-16T09:02:49,WIN-EMP-01,f.miller,dns_query,chrome.exe,microsoft.com,microsoft.com,443,allowed,643,
2026-03-16T09:02:53,WIN-EMP-02,d.ali,dns_query,chrome.exe,microsoft.com,microsoft.com,443,allowed,752,
2026-03-16T09:02:57,WIN-EMP-06,d.ali,dns_query,chrome.exe,github.com,github.com,443,allowed,1023,
2026-03-16T09:02:59,WIN-EMP-05,e.khan,dns_query,chrome.exe,google.com,google.com,443,allowed,1341,
2026-03-16T09:03:04,WIN-EMP-05,e.khan,dns_query,chrome.exe,github.com,github.com,443,allowed,1330,
2026-03-16T09:03:08,WIN-EMP-05,a.jones,dns_query,chrome.exe,bing.com,bing.com,443,allowed,1060,
2026-03-16T09:03:10,WIN-EMP-02,b.smith,dns_query,chrome.exe,microsoft.com,microsoft.com,443,allowed,1739,
2026-03-16T09:03:12,WIN-EMP-03,e.khan,dns_query,chrome.exe,microsoft.com,microsoft.com,443,allowed,1278,
2026-03-16T09:03:14,WIN-EMP-01,c.lee,dns_query,chrome.exe,bing.com,bing.com,443,allowed,645,
2026-03-16T09:03:15,WIN-EMP-06,e.khan,dns_query,chrome.exe,bing.com,bing.com,443,allowed,364,
2026-03-16T09:03:19,WIN-EMP-03,j.smith,dns_query,chrome.exe,github.com,github.com,443,allowed,1458,
2026-03-16T09:03:24,WIN-EMP-04,j.smith,dns_query,chrome.exe,google.com,google.com,443,allowed,1001,
2026-03-16T09:03:29,WIN-EMP-01,j.smith,dns_query,chrome.exe,bing.com,bing.com,443,allowed,1078,
2026-03-16T09:03:34,WIN-EMP-07,a.jones,dns_query,chrome.exe,bing.com,bing.com,443,allowed,1593,
2026-03-16T09:03:35,WIN-EMP-01,j.smith,dns_query,chrome.exe,office.com,office.com,443,allowed,1693,
2026-03-16T09:03:36,WIN-EMP-06,f.miller,dns_query,chrome.exe,google.com,google.com,443,allowed,433,
2026-03-16T09:03:39,WIN-EMP-02,c.lee,dns_query,chrome.exe,office.com,office.com,443,allowed,579,
2026-03-16T09:03:43,WIN-EMP-05,a.jones,dns_query,chrome.exe,office.com,office.com,443,allowed,255,
2026-03-16T09:03:44,WIN-EMP-07,d.ali,dns_query,chrome.exe,google.com,google.com,443,allowed,270,
2026-03-16T09:03:49,WIN-EMP-04,c.lee,dns_query,chrome.exe,office.com,office.com,443,allowed,1723,
2026-03-16T09:03:53,WIN-EMP-05,j.smith,dns_query,chrome.exe,office.com,office.com,443,allowed,524,
2026-03-16T09:03:55,WIN-EMP-04,e.khan,dns_query,chrome.exe,google.com,google.com,443,allowed,1904,
2026-03-16T09:03:58,WIN-EMP-03,j.smith,dns_query,chrome.exe,google.com,google.com,443,allowed,1081,
2026-03-16T09:04:02,WIN-EMP-05,e.khan,dns_query,chrome.exe,google.com,google.com,443,allowed,475,
2026-03-16T09:04:07,WIN-EMP-03,d.ali,dns_query,chrome.exe,bing.com,bing.com,443,allowed,1111,
2026-03-16T09:04:08,WIN-EMP-06,e.khan,dns_query,chrome.exe,office.com,office.com,443,allowed,578,
2026-03-16T09:04:09,WIN-EMP-07,e.khan,dns_query,chrome.exe,bing.com,bing.com,443,allowed,352,
2026-03-16T09:04:11,WIN-EMP-03,c.lee,dns_query,chrome.exe,bing.com,bing.com,443,allowed,1108,
2026-03-16T09:04:15,WIN-EMP-07,d.ali,dns_query,chrome.exe,github.com,github.com,443,allowed,1517,
2026-03-16T09:04:20,WIN-EMP-01,a.jones,dns_query,chrome.exe,google.com,google.com,443,allowed,1103,
2026-03-16T09:04:24,WIN-EMP-06,f.miller,dns_query,chrome.exe,github.com,github.com,443,allowed,1433,
2026-03-16T09:04:26,WIN-EMP-03,e.khan,dns_query,chrome.exe,office.com,office.com,443,allowed,239,
2026-03-16T09:04:28,WIN-EMP-06,a.jones,dns_query,chrome.exe,microsoft.com,microsoft.com,443,allowed,1413,
2026-03-16T09:04:32,WIN-EMP-07,a.jones,dns_query,chrome.exe,microsoft.com,microsoft.com,443,allowed,824,
2026-03-16T09:04:37,WIN-EMP-03,j.smith,dns_query,chrome.exe,office.com,office.com,443,allowed,1758,
2026-03-16T09:04:40,WIN-EMP-03,d.ali,dns_query,chrome.exe,microsoft.com,microsoft.com,443,allowed,1580,
2026-03-16T09:04:41,WIN-EMP-03,j.smith,dns_query,chrome.exe,google.com,google.com,443,allowed,284,
2026-03-16T09:04:46,WIN-EMP-01,d.ali,dns_query,chrome.exe,microsoft.com,microsoft.com,443,allowed,1735,
2026-03-16T09:04:49,WIN-EMP-03,c.lee,dns_query,chrome.exe,microsoft.com,microsoft.com,443,allowed,462,
2026-03-16T09:04:52,WIN-EMP-07,e.khan,dns_query,chrome.exe,office.com,office.com,443,allowed,1872,
2026-03-16T09:04:53,WIN-EMP-02,c.lee,dns_query,chrome.exe,github.com,github.com,443,allowed,1152,
2026-03-16T09:04:56,WIN-EMP-05,e.khan,dns_query,chrome.exe,google.com,google.com,443,allowed,1178,
2026-03-16T09:04:57,WIN-EMP-01,e.khan,dns_query,chrome.exe,office.com,office.com,443,allowed,1400,
2026-03-16T09:05:02,WIN-EMP-03,c.lee,dns_query,chrome.exe,google.com,google.com,443,allowed,823,
2026-03-16T09:05:05,WIN-EMP-01,j.smith,dns_query,chrome.exe,bing.com,bing.com,443,allowed,1760,
2026-03-16T09:05:10,WIN-EMP-01,c.lee,dns_query,chrome.exe,office.com,office.com,443,allowed,398,
2026-03-16T09:05:11,WIN-EMP-06,c.lee,dns_query,chrome.exe,bing.com,bing.com,443,allowed,472,
2026-03-16T09:05:14,WIN-EMP-01,c.lee,dns_query,chrome.exe,bing.com,bing.com,443,allowed,1183,
2026-03-16T09:05:17,WIN-EMP-07,c.lee,dns_query,chrome.exe,microsoft.com,microsoft.com,443,allowed,1680,
2026-03-16T09:05:18,WIN-EMP-04,j.smith,dns_query,chrome.exe,google.com,google.com,443,allowed,885,
2026-03-16T09:05:21,WIN-EMP-05,f.miller,dns_query,chrome.exe,office.com,office.com,443,allowed,569,
2026-03-16T09:05:24,WIN-EMP-03,b.smith,dns_query,chrome.exe,bing.com,bing.com,443,allowed,949,
2026-03-16T09:05:26,WIN-EMP-02,f.miller,dns_query,chrome.exe,microsoft.com,microsoft.com,443,allowed,1327,
2026-03-16T09:05:27,WIN-EMP-05,a.jones,dns_query,chrome.exe,github.com,github.com,443,allowed,222,
2026-03-16T09:05:31,WIN-EMP-06,f.miller,dns_query,chrome.exe,bing.com,bing.com,443,allowed,1003,
2026-03-16T09:05:34,WIN-EMP-01,e.khan,dns_query,chrome.exe,office.com,office.com,443,allowed,734,
2026-03-16T09:05:37,WIN-EMP-04,b.smith,dns_query,chrome.exe,microsoft.com,microsoft.com,443,allowed,1681,
2026-03-16T09:05:41,WIN-EMP-03,f.miller,dns_query,chrome.exe,github.com,github.com,443,allowed,785,
2026-03-16T09:05:42,WIN-EMP-07,f.miller,dns_query,chrome.exe,office.com,office.com,443,allowed,646,
2026-03-16T09:05:47,WIN-EMP-07,e.khan,dns_query,chrome.exe,bing.com,bing.com,443,allowed,414,
2026-03-16T09:05:49,WIN-EMP-07,a.jones,dns_query,chrome.exe,github.com,github.com,443,allowed,1331,
2026-03-16T09:05:54,WIN-EMP-01,c.lee,dns_query,chrome.exe,bing.com,bing.com,443,allowed,1709,
2026-03-16T09:05:55,WIN-EMP-04,j.smith,dns_query,chrome.exe,google.com,google.com,443,allowed,651,
2026-03-16T09:06:00,WIN-EMP-06,j.smith,dns_query,chrome.exe,google.com,google.com,443,allowed,1849,
2026-03-16T09:06:04,WIN-EMP-02,j.smith,dns_query,chrome.exe,github.com,github.com,443,allowed,1522,
2026-03-16T09:06:07,WIN-EMP-07,d.ali,dns_query,chrome.exe,github.com,github.com,443,allowed,1148,
2026-03-16T09:06:08,WIN-EMP-07,e.khan,dns_query,chrome.exe,google.com,google.com,443,allowed,819,
2026-03-16T09:06:13,WIN-EMP-05,c.lee,dns_query,chrome.exe,github.com,github.com,443,allowed,1467,
2026-03-16T09:06:17,WIN-EMP-04,j.smith,dns_query,chrome.exe,bing.com,bing.com,443,allowed,1338,
2026-03-16T09:06:20,WIN-EMP-05,b.smith,dns_query,chrome.exe,microsoft.com,microsoft.com,443,allowed,1622,
2026-03-16T09:06:21,WIN-EMP-03,d.ali,dns_query,chrome.exe,microsoft.com,microsoft.com,443,allowed,324,
2026-03-16T09:06:24,WIN-EMP-06,a.jones,dns_query,chrome.exe,github.com,github.com,443,allowed,448,
2026-03-16T09:06:25,WIN-EMP-05,d.ali,dns_query,chrome.exe,bing.com,bing.com,443,allowed,269,
2026-03-16T09:06:26,WIN-EMP-04,f.miller,dns_query,chrome.exe,microsoft.com,microsoft.com,443,allowed,1224,
2026-03-16T09:06:27,WIN-EMP-05,d.ali,dns_query,chrome.exe,office.com,office.com,443,allowed,1857,
2026-03-16T09:06:29,WIN-EMP-06,j.smith,dns_query,chrome.exe,github.com,github.com,443,allowed,1990,
2026-03-16T09:06:31,WIN-EMP-06,c.lee,dns_query,chrome.exe,google.com,google.com,443,allowed,1685,
2026-03-16T09:06:32,WIN-EMP-06,e.khan,dns_query,chrome.exe,github.com,github.com,443,allowed,670,
2026-03-16T09:06:36,WIN-EMP-07,b.smith,dns_query,chrome.exe,bing.com,bing.com,443,allowed,1697,
2026-03-16T09:06:38,WIN-EMP-07,j.smith,dns_query,chrome.exe,microsoft.com,microsoft.com,443,allowed,990,
2026-03-16T09:06:42,WIN-EMP-06,b.smith,dns_query,chrome.exe,office.com,office.com,443,allowed,1900,
2026-03-16T09:06:45,WIN-EMP-07,d.ali,dns_query,chrome.exe,google.com,google.com,443,allowed,1091,
2026-03-16T09:06:47,WIN-EMP-05,d.ali,dns_query,chrome.exe,microsoft.com,microsoft.com,443,allowed,718,
2026-03-16T09:06:52,WIN-EMP-01,b.smith,dns_query,chrome.exe,google.com,google.com,443,allowed,699,
2026-03-16T09:06:57,WIN-EMP-05,f.miller,dns_query,chrome.exe,github.com,github.com,443,allowed,284,
2026-03-16T09:06:58,WIN-EMP-05,a.jones,dns_query,chrome.exe,google.com,google.com,443,allowed,1934,
2026-03-16T09:07:03,WIN-EMP-07,a.jones,dns_query,chrome.exe,office.com,office.com,443,allowed,373,
2026-03-16T09:07:08,WIN-EMP-04,d.ali,dns_query,chrome.exe,microsoft.com,microsoft.com,443,allowed,1805,
2026-03-16T09:07:10,WIN-EMP-02,e.khan,dns_query,chrome.exe,github.com,github.com,443,allowed,871,
2026-03-16T09:07:15,WIN-EMP-06,c.lee,dns_query,chrome.exe,google.com,google.com,443,allowed,784,
2026-03-16T09:07:16,WIN-EMP-03,f.miller,dns_query,chrome.exe,bing.com,bing.com,443,allowed,1166,
2026-03-16T09:07:20,WIN-EMP-02,d.ali,dns_query,chrome.exe,bing.com,bing.com,443,allowed,361,
2026-03-16T09:07:25,WIN-EMP-07,e.khan,dns_query,chrome.exe,microsoft.com,microsoft.com,443,allowed,760,
2026-03-16T09:07:29,WIN-EMP-03,b.smith,dns_query,chrome.exe,microsoft.com,microsoft.com,443,allowed,1370,
2026-03-16T09:07:32,WIN-EMP-07,b.smith,dns_query,chrome.exe,office.com,office.com,443,allowed,1510,
2026-03-16T09:07:33,WIN-EMP-06,e.khan,dns_query,chrome.exe,google.com,google.com,443,allowed,986,
2026-03-16T09:07:35,WIN-EMP-01,j.smith,dns_query,chrome.exe,github.com,github.com,443,allowed,1102,
2026-03-16T09:07:39,WIN-EMP-05,j.smith,dns_query,chrome.exe,google.com,google.com,443,allowed,273,
2026-03-16T09:07:42,WIN-EMP-02,f.miller,dns_query,chrome.exe,microsoft.com,microsoft.com,443,allowed,1606,
2026-03-16T09:07:44,WIN-EMP-06,j.smith,dns_query,chrome.exe,google.com,google.com,443,allowed,1891,
2026-03-16T09:07:48,WIN-EMP-06,j.smith,dns_query,chrome.exe,bing.com,bing.com,443,allowed,1331,
2026-03-16T09:07:50,WIN-EMP-06,c.lee,dns_query,chrome.exe,microsoft.com,microsoft.com,443,allowed,1321,
2026-03-16T09:07:54,WIN-EMP-06,c.lee,dns_query,chrome.exe,bing.com,bing.com,443,allowed,1637,
2026-03-16T09:07:59,WIN-EMP-06,b.smith,dns_query,chrome.exe,bing.com,bing.com,443,allowed,1553,
2026-03-16T09:08:01,WIN-EMP-01,a.jones,dns_query,chrome.exe,office.com,office.com,443,allowed,1062,
2026-03-16T09:08:06,WIN-EMP-06,a.jones,dns_query,chrome.exe,office.com,office.com,443,allowed,377,
2026-03-16T09:08:08,WIN-EMP-06,b.smith,dns_query,chrome.exe,bing.com,bing.com,443,allowed,1489,
2026-03-16T09:08:10,WIN-EMP-03,c.lee,dns_query,chrome.exe,google.com,google.com,443,allowed,1870,
2026-03-16T09:08:15,WIN-EMP-05,a.jones,dns_query,chrome.exe,google.com,google.com,443,allowed,1719,
2026-03-16T09:08:16,WIN-EMP-07,b.smith,dns_query,chrome.exe,office.com,office.com,443,allowed,1581,
2026-03-16T09:08:18,WIN-EMP-05,e.khan,dns_query,chrome.exe,google.com,google.com,443,allowed,803,
2026-03-16T09:08:19,WIN-EMP-02,j.smith,dns_query,chrome.exe,github.com,github.com,443,allowed,608,
2026-03-16T09:08:23,WIN-EMP-02,c.lee,dns_query,chrome.exe,bing.com,bing.com,443,allowed,1629,
2026-03-16T09:08:25,WIN-EMP-03,c.lee,dns_query,chrome.exe,office.com,office.com,443,allowed,717,
2026-03-16T09:08:28,WIN-EMP-07,f.miller,dns_query,chrome.exe,microsoft.com,microsoft.com,443,allowed,1531,
2026-03-16T09:08:32,WIN-EMP-04,e.khan,dns_query,chrome.exe,bing.com,bing.com,443,allowed,727,
2026-03-16T09:08:36,WIN-EMP-03,b.smith,dns_query,chrome.exe,bing.com,bing.com,443,allowed,550,
2026-03-16T09:08:40,WIN-EMP-07,e.khan,dns_query,chrome.exe,office.com,office.com,443,allowed,1414,
2026-03-16T09:08:42,WIN-EMP-06,j.smith,dns_query,chrome.exe,office.com,office.com,443,allowed,941,
2026-03-16T09:08:47,WIN-EMP-01,f.miller,dns_query,chrome.exe,google.com,google.com,443,allowed,1762,
2026-03-16T09:08:51,WIN-EMP-02,c.lee,dns_query,chrome.exe,bing.com,bing.com,443,allowed,1607,
2026-03-16T09:08:54,WIN-EMP-07,j.smith,dns_query,chrome.exe,google.com,google.com,443,allowed,1578,
2026-03-16T09:08:55,WIN-EMP-05,a.jones,dns_query,chrome.exe,microsoft.com,microsoft.com,443,allowed,964,
2026-03-16T09:08:59,WIN-EMP-06,c.lee,dns_query,chrome.exe,github.com,github.com,443,allowed,324,
2026-03-16T09:09:01,WIN-EMP-02,d.ali,dns_query,chrome.exe,google.com,google.com,443,allowed,235,
2026-03-16T09:09:06,WIN-EMP-01,f.miller,dns_query,chrome.exe,google.com,google.com,443,allowed,842,
2026-03-16T09:09:11,WIN-EMP-07,b.smith,dns_query,chrome.exe,microsoft.com,microsoft.com,443,allowed,1426,
2026-03-16T09:09:15,WIN-EMP-07,a.jones,dns_query,chrome.exe,bing.com,bing.com,443,allowed,686,
2026-03-16T09:09:17,WIN-EMP-05,j.smith,dns_query,chrome.exe,office.com,office.com,443,allowed,860,
2026-03-16T09:09:22,WIN-EMP-07,b.smith,dns_query,chrome.exe,bing.com,bing.com,443,allowed,1402,
2026-03-16T09:09:23,WIN-EMP-07,d.ali,dns_query,chrome.exe,microsoft.com,microsoft.com,443,allowed,1777,
2026-03-16T09:09:25,WIN-EMP-07,d.ali,dns_query,chrome.exe,google.com,google.com,443,allowed,513,
2026-03-16T09:09:28,WIN-EMP-03,d.ali,dns_query,chrome.exe,google.com,google.com,443,allowed,1344,
2026-03-16T09:09:30,WIN-EMP-03,f.miller,dns_query,chrome.exe,github.com,github.com,443,allowed,1587,
2026-03-16T09:09:34,WIN-EMP-02,e.khan,dns_query,chrome.exe,bing.com,bing.com,443,allowed,446,
2026-03-16T09:09:35,WIN-EMP-05,j.smith,dns_query,chrome.exe,bing.com,bing.com,443,allowed,252,
2026-03-16T09:09:38,WIN-EMP-06,d.ali,dns_query,chrome.exe,github.com,github.com,443,allowed,264,
2026-03-16T09:09:40,WIN-EMP-05,d.ali,dns_query,chrome.exe,google.com,google.com,443,allowed,428,
2026-03-16T09:09:45,WIN-EMP-05,e.khan,dns_query,chrome.exe,github.com,github.com,443,allowed,1470,
2026-03-16T09:09:49,WIN-EMP-02,j.smith,dns_query,chrome.exe,office.com,office.com,443,allowed,647,
2026-03-16T09:09:53,WIN-EMP-03,b.smith,dns_query,chrome.exe,github.com,github.com,443,allowed,1941,
2026-03-16T09:09:55,WIN-EMP-07,f.miller,dns_query,chrome.exe,microsoft.com,microsoft.com,443,allowed,1836,
2026-03-16T09:09:58,WIN-EMP-02,a.jones,dns_query,chrome.exe,google.com,google.com,443,allowed,1416,
2026-03-16T09:09:59,WIN-EMP-04,f.miller,dns_query,chrome.exe,github.com,github.com,443,allowed,1732,
2026-03-16T09:10:00,WIN-EMP-07,e.khan,dns_query,chrome.exe,google.com,google.com,443,allowed,502,
2026-03-16T09:10:01,WIN-EMP-02,j.smith,dns_query,chrome.exe,bing.com,bing.com,443,allowed,1135,
2026-03-16T09:10:06,WIN-EMP-07,f.miller,dns_query,chrome.exe,github.com,github.com,443,allowed,1280,
2026-03-16T09:10:07,WIN-EMP-05,d.ali,dns_query,chrome.exe,microsoft.com,microsoft.com,443,allowed,1957,
2026-03-16T09:10:10,WIN-EMP-03,c.lee,dns_query,chrome.exe,github.com,github.com,443,allowed,280,
2026-03-16T09:10:15,WIN-EMP-03,f.miller,dns_query,chrome.exe,github.com,github.com,443,allowed,1039,
2026-03-16T09:10:17,WIN-EMP-04,f.miller,dns_query,chrome.exe,bing.com,bing.com,443,allowed,1670,
2026-03-16T09:10:22,WIN-EMP-04,f.miller,dns_query,chrome.exe,office.com,office.com,443,allowed,256,
2026-03-16T09:10:23,WIN-EMP-04,j.smith,dns_query,chrome.exe,bing.com,bing.com,443,allowed,1981,
2026-03-16T09:10:24,WIN-EMP-03,c.lee,dns_query,chrome.exe,office.com,office.com,443,allowed,1404,
2026-03-16T09:10:28,WIN-EMP-04,b.smith,dns_query,chrome.exe,google.com,google.com,443,allowed,737,
2026-03-16T09:10:32,WIN-EMP-06,b.smith,dns_query,chrome.exe,google.com,google.com,443,allowed,727,
2026-03-16T09:10:34,WIN-EMP-02,j.smith,dns_query,chrome.exe,google.com,google.com,443,allowed,1155,
2026-03-16T09:10:38,WIN-EMP-05,d.ali,dns_query,chrome.exe,office.com,office.com,443,allowed,1015,
2026-03-16T09:10:42,WIN-EMP-06,a.jones,dns_query,chrome.exe,github.com,github.com,443,allowed,1425,
2026-03-16T09:10:45,WIN-EMP-05,d.ali,dns_query,chrome.exe,microsoft.com,microsoft.com,443,allowed,1475,
2026-03-16T09:10:49,WIN-EMP-03,j.smith,dns_query,chrome.exe,github.com,github.com,443,allowed,842,
2026-03-16T09:10:52,WIN-EMP-06,b.smith,dns_query,chrome.exe,github.com,github.com,443,allowed,522,
2026-03-16T09:10:57,WIN-EMP-03,c.lee,dns_query,chrome.exe,bing.com,bing.com,443,allowed,936,
2026-03-16T09:11:01,WIN-EMP-04,a.jones,dns_query,chrome.exe,bing.com,bing.com,443,allowed,1583,
2026-03-16T09:11:03,WIN-EMP-02,a.jones,dns_query,chrome.exe,bing.com,bing.com,443,allowed,957,
2026-03-16T09:11:05,WIN-EMP-05,a.jones,dns_query,chrome.exe,microsoft.com,microsoft.com,443,allowed,537,
2026-03-16T09:11:10,WIN-EMP-01,b.smith,dns_query,chrome.exe,bing.com,bing.com,443,allowed,1869,
2026-03-16T09:11:13,WIN-EMP-01,e.khan,dns_query,chrome.exe,office.com,office.com,443,allowed,398,
2026-03-16T09:11:17,WIN-EMP-03,e.khan,dns_query,chrome.exe,bing.com,bing.com,443,allowed,738,
2026-03-16T09:11:21,WIN-EMP-04,c.lee,dns_query,chrome.exe,microsoft.com,microsoft.com,443,allowed,534,
2026-03-16T09:11:23,WIN-EMP-03,e.khan,dns_query,chrome.exe,office.com,office.com,443,allowed,404,
2026-03-16T09:11:25,WIN-EMP-05,b.smith,dns_query,chrome.exe,office.com,office.com,443,allowed,786,
2026-03-16T09:11:27,WIN-EMP-03,f.miller,dns_query,chrome.exe,google.com,google.com,443,allowed,518,
2026-03-16T09:11:29,WIN-EMP-01,e.khan,dns_query,chrome.exe,google.com,google.com,443,allowed,1936,
2026-03-16T09:11:30,WIN-EMP-02,a.jones,dns_query,chrome.exe,microsoft.com,microsoft.com,443,allowed,605,
2026-03-16T09:11:32,WIN-EMP-02,f.miller,dns_query,chrome.exe,google.com,google.com,443,allowed,888,
2026-03-16T09:11:34,WIN-EMP-02,e.khan,dns_query,chrome.exe,microsoft.com,microsoft.com,443,allowed,438,
2026-03-16T09:11:35,WIN-EMP-03,j.smith,dns_query,chrome.exe,google.com,google.com,443,allowed,1731,
2026-03-16T09:11:39,WIN-EMP-02,b.smith,dns_query,chrome.exe,github.com,github.com,443,allowed,1703,
2026-03-16T09:11:42,WIN-EMP-01,c.lee,dns_query,chrome.exe,google.com,google.com,443,allowed,423,
2026-03-16T09:11:44,WIN-EMP-05,e.khan,dns_query,chrome.exe,microsoft.com,microsoft.com,443,allowed,1480,
2026-03-16T09:11:49,WIN-EMP-02,d.ali,dns_query,chrome.exe,bing.com,bing.com,443,allowed,1356,
2026-03-16T09:11:50,WIN-EMP-06,a.jones,dns_query,chrome.exe,microsoft.com,microsoft.com,443,allowed,1125,
2026-03-16T09:11:54,WIN-EMP-02,f.miller,dns_query,chrome.exe,office.com,office.com,443,allowed,924,
2026-03-16T09:11:57,WIN-EMP-05,e.khan,dns_query,chrome.exe,office.com,office.com,443,allowed,1370,
2026-03-16T09:12:00,WIN-EMP-02,c.lee,dns_query,chrome.exe,github.com,github.com,443,allowed,395,
2026-03-16T09:12:04,WIN-EMP-07,f.miller,dns_query,chrome.exe,bing.com,bing.com,443,allowed,943,
2026-03-16T09:12:09,WIN-EMP-07,e.khan,dns_query,chrome.exe,bing.com,bing.com,443,allowed,1456,
2026-03-16T09:12:14,WIN-EMP-06,e.khan,dns_query,chrome.exe,bing.com,bing.com,443,allowed,591,
2026-03-16T09:12:15,WIN-EMP-05,c.lee,dns_query,chrome.exe,microsoft.com,microsoft.com,443,allowed,535,
2026-03-16T09:12:20,WIN-EMP-06,j.smith,dns_query,chrome.exe,github.com,github.com,443,allowed,1242,
2026-03-16T09:12:21,WIN-EMP-02,c.lee,dns_query,chrome.exe,bing.com,bing.com,443,allowed,950,
2026-03-16T09:12:22,WIN-EMP-07,c.lee,dns_query,chrome.exe,office.com,office.com,443,allowed,1532,
2026-03-16T09:12:23,WIN-EMP-03,j.smith,dns_query,chrome.exe,google.com,google.com,443,allowed,1677,
2026-03-16T09:12:27,WIN-EMP-02,c.lee,dns_query,chrome.exe,google.com,google.com,443,allowed,309,
2026-03-16T09:12:32,WIN-EMP-05,c.lee,dns_query,chrome.exe,google.com,google.com,443,allowed,1342,
2026-03-16T09:12:37,WIN-EMP-03,e.khan,dns_query,chrome.exe,google.com,google.com,443,allowed,561,
2026-03-16T09:12:42,WIN-EMP-02,b.smith,dns_query,chrome.exe,bing.com,bing.com,443,allowed,1989,
2026-03-16T09:12:46,WIN-EMP-07,e.khan,dns_query,chrome.exe,google.com,google.com,443,allowed,1558,
2026-03-16T09:12:50,WIN-EMP-05,j.smith,dns_query,chrome.exe,google.com,google.com,443,allowed,525,
2026-03-16T09:12:52,WIN-EMP-07,b.smith,dns_query,chrome.exe,office.com,office.com,443,allowed,1565,
2026-03-16T09:12:54,WIN-EMP-03,a.jones,dns_query,chrome.exe,google.com,google.com,443,allowed,1385,
2026-03-16T09:12:56,WIN-EMP-04,c.lee,dns_query,chrome.exe,google.com,google.com,443,allowed,1124,
2026-03-16T09:13:01,WIN-EMP-04,e.khan,dns_query,chrome.exe,github.com,github.com,443,allowed,1185,
2026-03-16T09:13:02,WIN-EMP-04,e.khan,dns_query,chrome.exe,office.com,office.com,443,allowed,1042,
2026-03-16T09:13:06,WIN-EMP-03,d.ali,dns_query,chrome.exe,bing.com,bing.com,443,allowed,1364,
2026-03-16T09:13:07,WIN-EMP-07,a.jones,dns_query,chrome.exe,google.com,google.com,443,allowed,1799,
2026-03-16T09:13:11,WIN-EMP-07,c.lee,dns_query,chrome.exe,microsoft.com,microsoft.com,443,allowed,742,
2026-03-16T09:13:16,WIN-EMP-01,f.miller,dns_query,chrome.exe,office.com,office.com,443,allowed,1227,
2026-03-16T09:13:17,WIN-EMP-06,c.lee,dns_query,chrome.exe,github.com,github.com,443,allowed,1778,
2026-03-16T09:13:21,WIN-EMP-04,e.khan,dns_query,chrome.exe,bing.com,bing.com,443,allowed,292,
2026-03-16T09:13:26,WIN-EMP-02,d.ali,dns_query,chrome.exe,google.com,google.com,443,allowed,1877,
2026-03-16T09:13:31,WIN-EMP-01,a.jones,dns_query,chrome.exe,github.com,github.com,443,allowed,1327,
2026-03-16T09:13:35,WIN-EMP-02,e.khan,dns_query,chrome.exe,bing.com,bing.com,443,allowed,765,
2026-03-16T09:13:36,WIN-EMP-01,j.smith,dns_query,chrome.exe,microsoft.com,microsoft.com,443,allowed,671,
2026-03-16T09:13:37,WIN-EMP-02,f.miller,dns_query,chrome.exe,github.com,github.com,443,allowed,268,
2026-03-16T09:13:40,WIN-EMP-05,b.smith,dns_query,chrome.exe,github.com,github.com,443,allowed,1872,
2026-03-16T09:13:43,WIN-EMP-03,e.khan,dns_query,chrome.exe,bing.com,bing.com,443,allowed,964,
2026-03-16T09:13:46,WIN-EMP-03,f.miller,dns_query,chrome.exe,bing.com,bing.com,443,allowed,1094,
2026-03-16T09:13:48,WIN-EMP-01,e.khan,dns_query,chrome.exe,google.com,google.com,443,allowed,922,
2026-03-16T09:13:50,WIN-EMP-05,c.lee,dns_query,chrome.exe,google.com,google.com,443,allowed,536,
2026-03-16T09:13:51,WIN-EMP-01,b.smith,dns_query,chrome.exe,microsoft.com,microsoft.com,443,allowed,1124,
2026-03-16T09:13:52,WIN-EMP-01,a.jones,dns_query,chrome.exe,bing.com,bing.com,443,allowed,601,
2026-03-16T09:13:53,WIN-EMP-04,c.lee,dns_query,chrome.exe,office.com,office.com,443,allowed,406,
2026-03-16T09:13:54,WIN-EMP-05,b.smith,dns_query,chrome.exe,bing.com,bing.com,443,allowed,703,
2026-03-16T09:13:58,WIN-EMP-03,a.jones,dns_query,chrome.exe,microsoft.com,microsoft.com,443,allowed,1779,
2026-03-16T09:14:01,WIN-EMP-07,a.jones,dns_query,chrome.exe,microsoft.com,microsoft.com,443,allowed,1435,
2026-03-16T09:14:03,WIN-EMP-02,f.miller,dns_query,chrome.exe,office.com,office.com,443,allowed,1528,
2026-03-16T09:14:04,WIN-EMP-01,a.jones,dns_query,chrome.exe,google.com,google.com,443,allowed,1711,
2026-03-16T09:14:05,WIN-EMP-06,c.lee,dns_query,chrome.exe,github.com,github.com,443,allowed,977,
2026-03-16T09:14:10,WIN-EMP-06,c.lee,dns_query,chrome.exe,office.com,office.com,443,allowed,978,
2026-03-16T09:14:14,WIN-EMP-05,c.lee,dns_query,chrome.exe,google.com,google.com,443,allowed,681,
2026-03-16T09:14:16,WIN-EMP-04,f.miller,dns_query,chrome.exe,google.com,google.com,443,allowed,1136,
2026-03-16T09:14:18,WIN-EMP-06,j.smith,dns_query,chrome.exe,bing.com,bing.com,443,allowed,889,
2026-03-16T09:14:19,WIN-EMP-04,d.ali,dns_query,chrome.exe,github.com,github.com,443,allowed,1375,
2026-03-16T09:14:23,WIN-EMP-03,d.ali,dns_query,chrome.exe,bing.com,bing.com,443,allowed,1199,
2026-03-16T09:14:27,WIN-EMP-01,a.jones,dns_query,chrome.exe,office.com,office.com,443,allowed,444,
2026-03-16T09:14:32,WIN-EMP-05,j.smith,dns_query,chrome.exe,bing.com,bing.com,443,allowed,395,
2026-03-16T09:14:36,WIN-EMP-03,j.smith,dns_query,chrome.exe,github.com,github.com,443,allowed,1307,
2026-03-16T09:14:41,WIN-EMP-06,c.lee,dns_query,chrome.exe,office.com,office.com,443,allowed,1089,
2026-03-16T09:14:44,WIN-EMP-05,a.jones,dns_query,chrome.exe,google.com,google.com,443,allowed,1878,
2026-03-16T09:14:49,WIN-EMP-03,c.lee,dns_query,chrome.exe,bing.com,bing.com,443,allowed,983,
2026-03-16T09:14:53,WIN-EMP-01,e.khan,dns_query,chrome.exe,bing.com,bing.com,443,allowed,1239,
2026-03-16T09:14:55,WIN-EMP-03,a.jones,dns_query,chrome.exe,microsoft.com,microsoft.com,443,allowed,601,
2026-03-16T09:14:58,WIN-EMP-06,a.jones,dns_query,chrome.exe,microsoft.com,microsoft.com,443,allowed,654,
2026-03-16T09:15:00,WIN-EMP-06,j.smith,dns_query,chrome.exe,bing.com,bing.com,443,allowed,517,
2026-03-16T09:15:05,WIN-EMP-02,a.jones,dns_query,chrome.exe,github.com,github.com,443,allowed,1722,
2026-03-16T09:15:09,WIN-EMP-06,b.smith,dns_query,chrome.exe,google.com,google.com,443,allowed,1820,
2026-03-16T09:15:13,WIN-EMP-05,c.lee,dns_query,chrome.exe,office.com,office.com,443,allowed,1314,
2026-03-16T09:15:14,WIN-EMP-02,c.lee,dns_query,chrome.exe,microsoft.com,microsoft.com,443,allowed,1344,
2026-03-16T09:15:16,WIN-EMP-03,c.lee,dns_query,chrome.exe,microsoft.com,microsoft.com,443,allowed,1591,
2026-03-16T09:15:17,WIN-EMP-07,e.khan,dns_query,chrome.exe,office.com,office.com,443,allowed,739,
2026-03-16T09:15:19,WIN-EMP-01,f.miller,dns_query,chrome.exe,github.com,github.com,443,allowed,864,
2026-03-16T09:15:23,WIN-EMP-07,c.lee,dns_query,chrome.exe,microsoft.com,microsoft.com,443,allowed,1413,
2026-03-16T09:15:26,WIN-EMP-04,b.smith,dns_query,chrome.exe,office.com,office.com,443,allowed,1215,
2026-03-16T09:15:28,WIN-EMP-03,d.ali,dns_query,chrome.exe,office.com,office.com,443,allowed,1966,
2026-03-16T09:15:29,WIN-EMP-01,c.lee,dns_query,chrome.exe,bing.com,bing.com,443,allowed,571,
2026-03-16T09:15:33,WIN-EMP-06,a.jones,dns_query,chrome.exe,office.com,office.com,443,allowed,1421,
2026-03-16T09:15:34,WIN-EMP-04,f.miller,dns_query,chrome.exe,google.com,google.com,443,allowed,769,
2026-03-16T09:15:38,WIN-EMP-07,b.smith,dns_query,chrome.exe,microsoft.com,microsoft.com,443,allowed,1843,
2026-03-16T09:15:41,WIN-EMP-02,e.khan,dns_query,chrome.exe,bing.com,bing.com,443,allowed,541,
2026-03-16T09:15:42,WIN-EMP-06,b.smith,dns_query,chrome.exe,github.com,github.com,443,allowed,1192,
2026-03-16T09:15:47,WIN-EMP-06,j.smith,dns_query,chrome.exe,microsoft.com,microsoft.com,443,allowed,512,
2026-03-16T09:15:50,WIN-EMP-06,a.jones,dns_query,chrome.exe,github.com,github.com,443,allowed,554,
2026-03-16T09:15:54,WIN-EMP-01,j.smith,dns_query,chrome.exe,bing.com,bing.com,443,allowed,1934,
2026-03-16T09:15:56,WIN-EMP-06,c.lee,dns_query,chrome.exe,github.com,github.com,443,allowed,1697,
2026-03-16T09:16:00,WIN-EMP-03,j.smith,dns_query,chrome.exe,github.com,github.com,443,allowed,1484,
2026-03-16T09:16:05,WIN-EMP-07,j.smith,dns_query,chrome.exe,bing.com,bing.com,443,allowed,500,
2026-03-16T09:16:06,WIN-EMP-07,a.jones,dns_query,chrome.exe,microsoft.com,microsoft.com,443,allowed,358,
2026-03-16T09:16:11,WIN-EMP-03,d.ali,dns_query,chrome.exe,microsoft.com,microsoft.com,443,allowed,915,
2026-03-16T09:16:13,WIN-EMP-03,j.smith,dns_query,chrome.exe,github.com,github.com,443,allowed,284,
2026-03-16T09:16:14,WIN-EMP-01,f.miller,dns_query,chrome.exe,bing.com,bing.com,443,allowed,545,
2026-03-16T09:16:18,WIN-EMP-06,b.smith,dns_query,chrome.exe,bing.com,bing.com,443,allowed,660,
2026-03-16T09:16:20,WIN-EMP-07,j.smith,dns_query,chrome.exe,microsoft.com,microsoft.com,443,allowed,1649,
2026-03-16T09:16:21,WIN-EMP-01,f.miller,dns_query,chrome.exe,bing.com,bing.com,443,allowed,1308,
2026-03-16T09:16:26,WIN-EMP-06,c.lee,dns_query,chrome.exe,bing.com,bing.com,443,allowed,1540,
2026-03-16T09:16:28,WIN-EMP-02,c.lee,dns_query,chrome.exe,github.com,github.com,443,allowed,993,
2026-03-16T09:16:29,WIN-EMP-05,d.ali,dns_query,chrome.exe,github.com,github.com,443,allowed,1704,
2026-03-16T09:16:33,WIN-EMP-03,e.khan,dns_query,chrome.exe,microsoft.com,microsoft.com,443,allowed,979,
2026-03-16T09:16:36,WIN-EMP-01,j.smith,dns_query,chrome.exe,github.com,github.com,443,allowed,1477,
2026-03-16T09:16:41,WIN-EMP-07,d.ali,dns_query,chrome.exe,github.com,github.com,443,allowed,1170,
2026-03-16T09:16:44,WIN-EMP-01,d.ali,dns_query,chrome.exe,office.com,office.com,443,allowed,385,
2026-03-16T09:16:45,WIN-EMP-06,c.lee,dns_query,chrome.exe,bing.com,bing.com,443,allowed,1700,
2026-03-16T09:16:46,WIN-EMP-02,e.khan,dns_query,chrome.exe,office.com,office.com,443,allowed,324,
2026-03-16T09:16:51,WIN-EMP-04,e.khan,dns_query,chrome.exe,google.com,google.com,443,allowed,388,
2026-03-16T09:16:56,WIN-EMP-06,j.smith,dns_query,chrome.exe,google.com,google.com,443,allowed,1806,
2026-03-16T09:16:58,WIN-EMP-05,a.jones,dns_query,chrome.exe,github.com,github.com,443,allowed,1589,
2026-03-16T09:17:02,WIN-EMP-02,j.smith,dns_query,chrome.exe,microsoft.com,microsoft.com,443,allowed,1820,
2026-03-16T09:17:03,WIN-EMP-04,c.lee,dns_query,chrome.exe,microsoft.com,microsoft.com,443,allowed,1494,
2026-03-16T09:17:06,WIN-EMP-02,j.smith,dns_query,chrome.exe,bing.com,bing.com,443,allowed,1661,
2026-03-16T09:17:07,WIN-EMP-06,b.smith,dns_query,chrome.exe,google.com,google.com,443,allowed,635,
2026-03-16T09:17:09,WIN-EMP-06,c.lee,dns_query,chrome.exe,github.com,github.com,443,allowed,1690,
2026-03-16T09:17:10,WIN-EMP-01,c.lee,dns_query,chrome.exe,github.com,github.com,443,allowed,804,
2026-03-16T09:17:14,WIN-EMP-04,a.jones,dns_query,chrome.exe,bing.com,bing.com,443,allowed,894,
2026-03-16T09:17:17,WIN-EMP-07,e.khan,dns_query,chrome.exe,microsoft.com,microsoft.com,443,allowed,1020,
2026-03-16T09:17:22,WIN-EMP-02,a.jones,dns_query,chrome.exe,google.com,google.com,443,allowed,1483,
2026-03-16T09:17:27,WIN-EMP-05,c.lee,dns_query,chrome.exe,github.com,github.com,443,allowed,1891,
2026-03-16T09:17:30,WIN-EMP-01,j.smith,dns_query,chrome.exe,google.com,google.com,443,allowed,250,
2026-03-16T09:17:34,WIN-EMP-03,f.miller,dns_query,chrome.exe,microsoft.com,microsoft.com,443,allowed,832,
2026-03-16T09:17:39,WIN-EMP-07,a.jones,dns_query,chrome.exe,google.com,google.com,443,allowed,1751,
2026-03-16T09:17:41,WIN-EMP-07,a.jones,dns_query,chrome.exe,bing.com,bing.com,443,allowed,420,
2026-03-16T09:17:42,WIN-EMP-06,c.lee,dns_query,chrome.exe,microsoft.com,microsoft.com,443,allowed,1570,
2026-03-16T09:17:45,WIN-EMP-06,f.miller,dns_query,chrome.exe,microsoft.com,microsoft.com,443,allowed,402,
2026-03-16T09:17:50,WIN-EMP-01,c.lee,dns_query,chrome.exe,microsoft.com,microsoft.com,443,allowed,620,
2026-03-16T09:17:53,WIN-EMP-04,f.miller,dns_query,chrome.exe,microsoft.com,microsoft.com,443,allowed,1259,
2026-03-16T09:17:54,WIN-EMP-07,c.lee,dns_query,chrome.exe,microsoft.com,microsoft.com,443,allowed,1228,
2026-03-16T09:17:55,WIN-EMP-04,j.smith,dns_query,chrome.exe,bing.com,bing.com,443,allowed,1980,
2026-03-16T09:17:59,WIN-EMP-05,f.miller,dns_query,chrome.exe,github.com,github.com,443,allowed,787,
2026-03-16T09:18:01,WIN-EMP-03,a.jones,dns_query,chrome.exe,google.com,google.com,443,allowed,764,
2026-03-16T09:18:04,WIN-EMP-02,c.lee,dns_query,chrome.exe,bing.com,bing.com,443,allowed,960,
2026-03-16T09:18:09,WIN-EMP-06,c.lee,dns_query,chrome.exe,google.com,google.com,443,allowed,748,
2026-03-16T09:18:11,WIN-EMP-06,j.smith,dns_query,chrome.exe,bing.com,bing.com,443,allowed,755,
2026-03-16T09:18:14,WIN-EMP-04,b.smith,dns_query,chrome.exe,github.com,github.com,443,allowed,1221,
2026-03-16T09:18:17,WIN-EMP-07,c.lee,dns_query,chrome.exe,github.com,github.com,443,allowed,954,
2026-03-16T09:18:19,WIN-EMP-03,f.miller,dns_query,chrome.exe,github.com,github.com,443,allowed,458,
2026-03-16T09:18:20,WIN-EMP-05,c.lee,dns_query,chrome.exe,google.com,google.com,443,allowed,975,
2026-03-16T09:18:21,WIN-EMP-01,d.ali,dns_query,chrome.exe,bing.com,bing.com,443,allowed,305,
2026-03-16T09:18:22,WIN-EMP-01,f.miller,dns_query,chrome.exe,office.com,office.com,443,allowed,1035,
2026-03-16T09:18:23,WIN-EMP-04,b.smith,dns_query,chrome.exe,google.com,google.com,443,allowed,1295,
2026-03-16T09:18:27,WIN-EMP-07,j.smith,dns_query,chrome.exe,google.com,google.com,443,allowed,1017,
2026-03-16T09:18:28,WIN-EMP-03,j.smith,dns_query,chrome.exe,office.com,office.com,443,allowed,915,
2026-03-16T09:18:32,WIN-EMP-03,d.ali,dns_query,chrome.exe,microsoft.com,microsoft.com,443,allowed,265,
2026-03-16T09:18:37,WIN-EMP-02,d.ali,dns_query,chrome.exe,bing.com,bing.com,443,allowed,352,
2026-03-16T09:18:39,WIN-EMP-05,d.ali,dns_query,chrome.exe,office.com,office.com,443,allowed,1965,
2026-03-16T09:18:42,WIN-EMP-04,c.lee,dns_query,chrome.exe,github.com,github.com,443,allowed,1743,
2026-03-16T09:18:46,WIN-EMP-04,c.lee,dns_query,chrome.exe,google.com,google.com,443,allowed,912,
2026-03-16T09:18:51,WIN-EMP-04,d.ali,dns_query,chrome.exe,github.com,github.com,443,allowed,1289,
2026-03-16T09:18:56,WIN-EMP-01,a.jones,dns_query,chrome.exe,github.com,github.com,443,allowed,275,
2026-03-16T09:18:57,WIN-EMP-02,j.smith,dns_query,chrome.exe,bing.com,bing.com,443,allowed,1852,
2026-03-16T09:19:02,WIN-EMP-02,c.lee,dns_query,chrome.exe,microsoft.com,microsoft.com,443,allowed,295,
2026-03-16T09:19:06,WIN-EMP-03,d.ali,dns_query,chrome.exe,github.com,github.com,443,allowed,1158,
2026-03-16T09:19:11,WIN-EMP-02,j.smith,dns_query,chrome.exe,office.com,office.com,443,allowed,1676,
2026-03-16T09:19:12,WIN-EMP-07,b.smith,dns_query,chrome.exe,bing.com,bing.com,443,allowed,532,
2026-03-16T09:19:14,WIN-EMP-06,f.miller,dns_query,chrome.exe,google.com,google.com,443,allowed,469,
2026-03-16T09:19:18,WIN-EMP-05,b.smith,dns_query,chrome.exe,office.com,office.com,443,allowed,274,
2026-03-16T09:19:19,WIN-EMP-05,f.miller,dns_query,chrome.exe,github.com,github.com,443,allowed,1483,
2026-03-16T09:19:23,WIN-EMP-05,f.miller,dns_query,chrome.exe,google.com,google.com,443,allowed,1931,
2026-03-16T09:19:28,WIN-EMP-05,j.smith,dns_query,chrome.exe,google.com,google.com,443,allowed,238,
2026-03-16T09:19:29,WIN-EMP-03,c.lee,dns_query,chrome.exe,office.com,office.com,443,allowed,1630,
2026-03-16T09:19:33,WIN-EMP-01,j.smith,dns_query,chrome.exe,office.com,office.com,443,allowed,1056,
2026-03-16T09:19:36,WIN-EMP-03,c.lee,dns_query,chrome.exe,office.com,office.com,443,allowed,904,
2026-03-16T09:19:40,WIN-EMP-07,b.smith,dns_query,chrome.exe,github.com,github.com,443,allowed,1725,
2026-03-16T09:19:44,WIN-EMP-06,f.miller,dns_query,chrome.exe,google.com,google.com,443,allowed,1243,
2026-03-16T09:19:45,WIN-EMP-03,d.ali,dns_query,chrome.exe,bing.com,bing.com,443,allowed,855,
2026-03-16T09:19:46,WIN-EMP-06,j.smith,dns_query,chrome.exe,office.com,office.com,443,allowed,263,
2026-03-16T09:19:49,WIN-EMP-06,b.smith,dns_query,chrome.exe,bing.com,bing.com,443,allowed,952,
2026-03-16T09:19:54,WIN-EMP-06,f.miller,dns_query,chrome.exe,google.com,google.com,443,allowed,1048,
2026-03-16T09:19:57,WIN-EMP-02,e.khan,dns_query,chrome.exe,google.com,google.com,443,allowed,1036,
2026-03-16T09:20:01,WIN-EMP-04,e.khan,dns_query,chrome.exe,office.com,office.com,443,allowed,846,
2026-03-16T09:20:05,WIN-EMP-07,e.khan,dns_query,chrome.exe,google.com,google.com,443,allowed,303,
2026-03-16T09:20:08,WIN-EMP-01,f.miller,dns_query,chrome.exe,microsoft.com,microsoft.com,443,allowed,980,
2026-03-16T09:20:11,WIN-EMP-06,a.jones,dns_query,chrome.exe,bing.com,bing.com,443,allowed,1357,
2026-03-16T09:20:16,WIN-EMP-01,d.ali,dns_query,chrome.exe,bing.com,bing.com,443,allowed,706,
2026-03-16T09:20:19,WIN-EMP-04,d.ali,dns_query,chrome.exe,office.com,office.com,443,allowed,373,
2026-03-16T09:20:24,WIN-EMP-06,c.lee,dns_query,chrome.exe,office.com,office.com,443,allowed,1423,
2026-03-16T09:20:28,WIN-EMP-07,a.jones,dns_query,chrome.exe,github.com,github.com,443,allowed,1327,
2026-03-16T09:20:33,WIN-EMP-04,j.smith,dns_query,chrome.exe,office.com,office.com,443,allowed,870,
2026-03-16T09:20:38,WIN-EMP-06,f.miller,dns_query,chrome.exe,bing.com,bing.com,443,allowed,1533,
2026-03-16T09:20:43,WIN-EMP-07,a.jones,dns_query,chrome.exe,office.com,office.com,443,allowed,1749,
2026-03-16T09:20:46,WIN-EMP-05,d.ali,dns_query,chrome.exe,google.com,google.com,443,allowed,1830,
2026-03-16T09:20:49,WIN-EMP-06,b.smith,dns_query,chrome.exe,office.com,office.com,443,allowed,1741,
2026-03-16T09:20:53,WIN-EMP-05,f.miller,dns_query,chrome.exe,bing.com,bing.com,443,allowed,1182,
2026-03-16T09:20:57,WIN-EMP-04,b.smith,dns_query,chrome.exe,office.com,office.com,443,allowed,732,
2026-03-16T09:21:02,WIN-EMP-02,a.jones,dns_query,chrome.exe,bing.com,bing.com,443,allowed,1257,
2026-03-16T09:21:04,WIN-EMP-05,f.miller,dns_query,chrome.exe,bing.com,bing.com,443,allowed,1936,
2026-03-16T09:21:09,WIN-EMP-05,b.smith,dns_query,chrome.exe,bing.com,bing.com,443,allowed,1452,
2026-03-16T09:21:12,WIN-EMP-03,j.smith,dns_query,chrome.exe,microsoft.com,microsoft.com,443,allowed,1159,
2026-03-16T09:21:13,WIN-EMP-05,e.khan,dns_query,chrome.exe,microsoft.com,microsoft.com,443,allowed,1636,
2026-03-16T09:21:15,WIN-EMP-04,f.miller,dns_query,chrome.exe,office.com,office.com,443,allowed,1301,
2026-03-16T09:21:18,WIN-EMP-06,b.smith,dns_query,chrome.exe,bing.com,bing.com,443,allowed,307,
2026-03-16T09:21:19,WIN-EMP-06,d.ali,dns_query,chrome.exe,google.com,google.com,443,allowed,580,
2026-03-16T09:21:20,WIN-EMP-05,j.smith,dns_query,chrome.exe,office.com,office.com,443,allowed,1011,
2026-03-16T09:21:21,WIN-EMP-05,c.lee,dns_query,chrome.exe,office.com,office.com,443,allowed,1739,
2026-03-16T09:21:25,WIN-EMP-04,a.jones,dns_query,chrome.exe,github.com,github.com,443,allowed,810,
2026-03-16T09:21:26,WIN-EMP-02,f.miller,dns_query,chrome.exe,github.com,github.com,443,allowed,1626,
2026-03-16T09:21:30,WIN-EMP-07,b.smith,dns_query,chrome.exe,github.com,github.com,443,allowed,762,
2026-03-16T09:21:35,WIN-EMP-05,b.smith,dns_query,chrome.exe,office.com,office.com,443,allowed,1308,
2026-03-16T09:21:40,WIN-EMP-01,f.miller,dns_query,chrome.exe,office.com,office.com,443,allowed,1863,
2026-03-16T09:21:42,WIN-EMP-01,j.smith,dns_query,chrome.exe,microsoft.com,microsoft.com,443,allowed,1294,
2026-03-16T09:21:45,WIN-EMP-01,j.smith,dns_query,chrome.exe,office.com,office.com,443,allowed,310,
2026-03-16T09:21:50,WIN-EMP-07,j.smith,dns_query,chrome.exe,github.com,github.com,443,allowed,741,
2026-03-16T09:21:52,WIN-EMP-01,e.khan,dns_query,chrome.exe,microsoft.com,microsoft.com,443,allowed,1664,
2026-03-16T09:21:55,WIN-EMP-07,a.jones,dns_query,chrome.exe,microsoft.com,microsoft.com,443,allowed,1038,
2026-03-16T09:22:00,WIN-EMP-01,d.ali,dns_query,chrome.exe,office.com,office.com,443,allowed,620,
2026-03-16T09:22:02,WIN-EMP-05,c.lee,dns_query,chrome.exe,office.com,office.com,443,allowed,1011,
2026-03-16T09:22:05,WIN-EMP-03,e.khan,dns_query,chrome.exe,office.com,office.com,443,allowed,938,
2026-03-16T09:22:07,WIN-EMP-07,j.smith,dns_query,chrome.exe,office.com,office.com,443,allowed,719,
2026-03-16T09:22:10,WIN-EMP-01,d.ali,dns_query,chrome.exe,office.com,office.com,443,allowed,882,
2026-03-16T09:22:11,WIN-EMP-06,d.ali,dns_query,chrome.exe,google.com,google.com,443,allowed,1159,
2026-03-16T09:22:14,WIN-EMP-05,a.jones,dns_query,chrome.exe,microsoft.com,microsoft.com,443,allowed,1872,
2026-03-16T09:22:18,WIN-EMP-04,e.khan,dns_query,chrome.exe,office.com,office.com,443,allowed,1802,
2026-03-16T09:22:23,WIN-EMP-04,j.smith,dns_query,chrome.exe,microsoft.com,microsoft.com,443,allowed,2000,
2026-03-16T09:22:26,WIN-EMP-07,c.lee,dns_query,chrome.exe,bing.com,bing.com,443,allowed,874,
2026-03-16T09:22:29,WIN-EMP-06,b.smith,dns_query,chrome.exe,microsoft.com,microsoft.com,443,allowed,1829,
2026-03-16T09:22:32,WIN-EMP-06,b.smith,dns_query,chrome.exe,bing.com,bing.com,443,allowed,919,
2026-03-16T09:22:37,WIN-EMP-06,d.ali,dns_query,chrome.exe,google.com,google.com,443,allowed,1252,
2026-03-16T09:22:38,WIN-EMP-07,c.lee,dns_query,chrome.exe,office.com,office.com,443,allowed,385,
2026-03-16T09:22:43,WIN-EMP-04,f.miller,dns_query,chrome.exe,github.com,github.com,443,allowed,454,
2026-03-16T09:22:45,WIN-EMP-03,f.miller,dns_query,chrome.exe,bing.com,bing.com,443,allowed,1652,
2026-03-16T09:22:46,WIN-EMP-05,f.miller,dns_query,chrome.exe,bing.com,bing.com,443,allowed,1156,
2026-03-16T09:22:49,WIN-EMP-05,c.lee,dns_query,chrome.exe,microsoft.com,microsoft.com,443,allowed,821,
2026-03-16T09:22:50,WIN-EMP-05,d.ali,dns_query,chrome.exe,office.com,office.com,443,allowed,1833,
2026-03-16T09:22:53,WIN-EMP-05,d.ali,dns_query,chrome.exe,google.com,google.com,443,allowed,1240,
2026-03-16T09:22:54,WIN-EMP-04,d.ali,dns_query,chrome.exe,office.com,office.com,443,allowed,664,
2026-03-16T09:22:56,WIN-EMP-03,d.ali,dns_query,chrome.exe,microsoft.com,microsoft.com,443,allowed,1071,
2026-03-16T09:23:00,WIN-EMP-04,c.lee,dns_query,chrome.exe,google.com,google.com,443,allowed,1895,
2026-03-16T09:23:01,WIN-EMP-04,c.lee,dns_query,chrome.exe,microsoft.com,microsoft.com,443,allowed,440,
2026-03-16T09:23:05,WIN-EMP-03,j.smith,dns_query,chrome.exe,github.com,github.com,443,allowed,1130,
2026-03-16T09:23:07,WIN-EMP-03,d.ali,dns_query,chrome.exe,bing.com,bing.com,443,allowed,826,
2026-03-16T09:23:12,WIN-EMP-06,a.jones,dns_query,chrome.exe,bing.com,bing.com,443,allowed,1505,
2026-03-16T09:23:16,WIN-EMP-07,j.smith,dns_query,chrome.exe,github.com,github.com,443,allowed,484,
2026-03-16T09:23:18,WIN-EMP-07,j.smith,dns_query,chrome.exe,google.com,google.com,443,allowed,352,
2026-03-16T09:23:22,WIN-EMP-04,c.lee,dns_query,chrome.exe,google.com,google.com,443,allowed,325,
2026-03-16T09:23:23,WIN-EMP-06,c.lee,dns_query,chrome.exe,microsoft.com,microsoft.com,443,allowed,1917,
2026-03-16T09:23:26,WIN-EMP-03,d.ali,dns_query,chrome.exe,google.com,google.com,443,allowed,1608,
2026-03-16T09:23:29,WIN-EMP-02,d.ali,dns_query,chrome.exe,google.com,google.com,443,allowed,1122,
2026-03-16T09:23:30,WIN-EMP-06,e.khan,dns_query,chrome.exe,microsoft.com,microsoft.com,443,allowed,634,
2026-03-16T09:23:33,WIN-EMP-05,d.ali,dns_query,chrome.exe,bing.com,bing.com,443,allowed,1568,
2026-03-16T09:23:36,WIN-EMP-04,f.miller,dns_query,chrome.exe,microsoft.com,microsoft.com,443,allowed,1722,
2026-03-16T09:23:41,WIN-EMP-06,b.smith,dns_query,chrome.exe,microsoft.com,microsoft.com,443,allowed,292,
2026-03-16T09:23:44,WIN-EMP-02,f.miller,dns_query,chrome.exe,google.com,google.com,443,allowed,1925,
2026-03-16T09:23:46,WIN-EMP-02,f.miller,dns_query,chrome.exe,bing.com,bing.com,443,allowed,1600,
2026-03-16T09:23:47,WIN-EMP-05,a.jones,dns_query,chrome.exe,google.com,google.com,443,allowed,1733,
2026-03-16T09:23:50,WIN-EMP-06,e.khan,dns_query,chrome.exe,microsoft.com,microsoft.com,443,allowed,409,
2026-03-16T09:23:54,WIN-EMP-01,d.ali,dns_query,chrome.exe,github.com,github.com,443,allowed,1047,
2026-03-16T09:23:57,WIN-EMP-04,b.smith,dns_query,chrome.exe,bing.com,bing.com,443,allowed,317,
2026-03-16T09:24:02,WIN-EMP-01,b.smith,dns_query,chrome.exe,office.com,office.com,443,allowed,1606,
2026-03-16T09:24:06,WIN-EMP-03,j.smith,dns_query,chrome.exe,office.com,office.com,443,allowed,931,
2026-03-16T09:24:10,WIN-EMP-02,a.jones,dns_query,chrome.exe,github.com,github.com,443,allowed,1974,
2026-03-16T09:24:14,WIN-EMP-07,b.smith,dns_query,chrome.exe,microsoft.com,microsoft.com,443,allowed,1513,
2026-03-16T09:24:18,WIN-EMP-02,e.khan,dns_query,chrome.exe,google.com,google.com,443,allowed,745,
2026-03-16T09:24:21,WIN-EMP-01,b.smith,dns_query,chrome.exe,github.com,github.com,443,allowed,255,
2026-03-16T09:24:25,WIN-EMP-02,c.lee,dns_query,chrome.exe,github.com,github.com,443,allowed,747,
2026-03-16T09:24:26,WIN-EMP-06,d.ali,dns_query,chrome.exe,bing.com,bing.com,443,allowed,469,
2026-03-16T09:24:30,WIN-EMP-06,j.smith,dns_query,chrome.exe,bing.com,bing.com,443,allowed,1924,
2026-03-16T09:24:33,WIN-EMP-06,e.khan,dns_query,chrome.exe,office.com,office.com,443,allowed,618,
2026-03-16T09:24:36,WIN-EMP-06,f.miller,dns_query,chrome.exe,github.com,github.com,443,allowed,1552,
2026-03-16T09:24:39,WIN-EMP-03,b.smith,dns_query,chrome.exe,github.com,github.com,443,allowed,1870,
2026-03-16T09:24:42,WIN-EMP-06,c.lee,dns_query,chrome.exe,office.com,office.com,443,allowed,608,
2026-03-16T09:24:43,WIN-EMP-01,f.miller,dns_query,chrome.exe,github.com,github.com,443,allowed,733,
2026-03-16T09:24:45,WIN-EMP-05,b.smith,dns_query,chrome.exe,office.com,office.com,443,allowed,661,
2026-03-16T09:24:50,WIN-EMP-01,b.smith,dns_query,chrome.exe,google.com,google.com,443,allowed,697,
2026-03-16T09:24:52,WIN-EMP-01,b.smith,dns_query,chrome.exe,office.com,office.com,443,allowed,285,
2026-03-16T09:24:53,WIN-EMP-07,c.lee,dns_query,chrome.exe,github.com,github.com,443,allowed,608,
2026-03-16T09:24:56,WIN-EMP-01,c.lee,dns_query,chrome.exe,microsoft.com,microsoft.com,443,allowed,1582,
2026-03-16T09:24:58,WIN-EMP-06,d.ali,dns_query,chrome.exe,microsoft.com,microsoft.com,443,allowed,1506,
2026-03-16T09:25:02,WIN-EMP-02,c.lee,dns_query,chrome.exe,office.com,office.com,443,allowed,1195,
2026-03-16T09:25:05,WIN-EMP-02,c.lee,dns_query,chrome.exe,microsoft.com,microsoft.com,443,allowed,1677,
2026-03-16T09:25:08,WIN-EMP-05,a.jones,dns_query,chrome.exe,office.com,office.com,443,allowed,1004,
2026-03-16T09:25:13,WIN-EMP-06,c.lee,dns_query,chrome.exe,bing.com,bing.com,443,allowed,987,
2026-03-16T09:25:18,WIN-EMP-02,b.smith,dns_query,chrome.exe,office.com,office.com,443,allowed,632,
2026-03-16T09:25:21,WIN-EMP-07,e.khan,dns_query,chrome.exe,github.com,github.com,443,allowed,1145,
2026-03-16T09:25:24,WIN-EMP-06,d.ali,dns_query,chrome.exe,office.com,office.com,443,allowed,1699,
2026-03-16T09:25:28,WIN-EMP-02,d.ali,dns_query,chrome.exe,microsoft.com,microsoft.com,443,allowed,956,
2026-03-16T09:25:32,WIN-EMP-03,a.jones,dns_query,chrome.exe,github.com,github.com,443,allowed,1392,
2026-03-16T09:25:34,WIN-EMP-04,f.miller,dns_query,chrome.exe,office.com,office.com,443,allowed,608,
2026-03-16T09:25:38,WIN-EMP-03,f.miller,dns_query,chrome.exe,microsoft.com,microsoft.com,443,allowed,1625,
2026-03-16T09:25:39,WIN-EMP-01,j.smith,dns_query,chrome.exe,google.com,google.com,443,allowed,1923,
2026-03-16T09:25:43,WIN-EMP-06,j.smith,dns_query,chrome.exe,google.com,google.com,443,allowed,1232,
2026-03-16T09:25:48,WIN-EMP-02,b.smith,dns_query,chrome.exe,github.com,github.com,443,allowed,823,
2026-03-16T09:25:53,WIN-EMP-04,b.smith,dns_query,chrome.exe,google.com,google.com,443,allowed,215,
2026-03-16T09:25:55,WIN-EMP-01,d.ali,dns_query,chrome.exe,github.com,github.com,443,allowed,1329,
2026-03-16T09:25:58,WIN-EMP-06,e.khan,dns_query,chrome.exe,bing.com,bing.com,443,allowed,1356,
2026-03-16T09:26:00,WIN-EMP-04,j.smith,dns_query,chrome.exe,office.com,office.com,443,allowed,1866,
2026-03-16T09:26:01,WIN-EMP-05,b.smith,dns_query,chrome.exe,microsoft.com,microsoft.com,443,allowed,726,
2026-03-16T09:26:06,WIN-EMP-03,d.ali,dns_query,chrome.exe,microsoft.com,microsoft.com,443,allowed,1789,
2026-03-16T09:26:08,WIN-EMP-07,a.jones,dns_query,chrome.exe,github.com,github.com,443,allowed,1335,
2026-03-16T09:26:10,WIN-EMP-03,f.miller,dns_query,chrome.exe,google.com,google.com,443,allowed,865,
2026-03-16T09:26:12,WIN-EMP-03,d.ali,dns_query,chrome.exe,microsoft.com,microsoft.com,443,allowed,1121,
2026-03-16T09:26:14,WIN-EMP-06,c.lee,dns_query,chrome.exe,bing.com,bing.com,443,allowed,952,
2026-03-16T09:26:18,WIN-EMP-01,j.smith,dns_query,chrome.exe,microsoft.com,microsoft.com,443,allowed,968,
2026-03-16T09:26:22,WIN-EMP-06,j.smith,dns_query,chrome.exe,google.com,google.com,443,allowed,901,
2026-03-16T09:26:25,WIN-EMP-03,c.lee,dns_query,chrome.exe,microsoft.com,microsoft.com,443,allowed,1906,
2026-03-16T09:26:30,WIN-EMP-01,d.ali,dns_query,chrome.exe,google.com,google.com,443,allowed,794,
2026-03-16T09:26:32,WIN-EMP-01,a.jones,dns_query,chrome.exe,office.com,office.com,443,allowed,603,
2026-03-16T09:26:37,WIN-EMP-01,c.lee,dns_query,chrome.exe,bing.com,bing.com,443,allowed,1462,
2026-03-16T09:26:41,WIN-EMP-04,e.khan,dns_query,chrome.exe,bing.com,bing.com,443,allowed,1461,
2026-03-16T09:26:44,WIN-EMP-03,d.ali,dns_query,chrome.exe,google.com,google.com,443,allowed,1133,
2026-03-16T09:26:47,WIN-EMP-05,j.smith,dns_query,chrome.exe,microsoft.com,microsoft.com,443,allowed,471,
2026-03-16T09:26:49,WIN-EMP-03,j.smith,dns_query,chrome.exe,office.com,office.com,443,allowed,1221,
2026-03-16T09:26:54,WIN-EMP-03,a.jones,dns_query,chrome.exe,bing.com,bing.com,443,allowed,1668,
2026-03-16T09:26:55,WIN-EMP-05,f.miller,dns_query,chrome.exe,google.com,google.com,443,allowed,1551,
2026-03-16T09:26:57,WIN-EMP-04,b.smith,dns_query,chrome.exe,bing.com,bing.com,443,allowed,1154,
2026-03-16T09:27:02,WIN-EMP-06,e.khan,dns_query,chrome.exe,microsoft.com,microsoft.com,443,allowed,1940,
2026-03-16T09:27:05,WIN-EMP-05,d.ali,dns_query,chrome.exe,office.com,office.com,443,allowed,1847,
2026-03-16T09:27:09,WIN-EMP-01,f.miller,dns_query,chrome.exe,github.com,github.com,443,allowed,1632,
2026-03-16T09:27:10,WIN-EMP-02,b.smith,dns_query,chrome.exe,google.com,google.com,443,allowed,1776,
2026-03-16T09:27:13,WIN-EMP-07,c.lee,dns_query,chrome.exe,github.com,github.com,443,allowed,898,
2026-03-16T09:27:16,WIN-EMP-06,d.ali,dns_query,chrome.exe,bing.com,bing.com,443,allowed,353,
2026-03-16T09:27:20,WIN-EMP-07,a.jones,dns_query,chrome.exe,bing.com,bing.com,443,allowed,1840,
2026-03-16T09:27:23,WIN-EMP-05,j.smith,dns_query,chrome.exe,microsoft.com,microsoft.com,443,allowed,663,
2026-03-16T09:27:27,WIN-EMP-06,f.miller,dns_query,chrome.exe,google.com,google.com,443,allowed,1608,
2026-03-16T09:27:32,WIN-EMP-06,c.lee,dns_query,chrome.exe,bing.com,bing.com,443,allowed,507,
2026-03-16T09:27:34,WIN-EMP-03,a.jones,dns_query,chrome.exe,microsoft.com,microsoft.com,443,allowed,454,
2026-03-16T09:27:39,WIN-EMP-01,b.smith,dns_query,chrome.exe,github.com,github.com,443,allowed,1733,
2026-03-16T09:27:41,WIN-EMP-06,a.jones,dns_query,chrome.exe,bing.com,bing.com,443,allowed,311,
2026-03-16T09:27:46,WIN-EMP-02,b.smith,dns_query,chrome.exe,office.com,office.com,443,allowed,1524,
2026-03-16T09:27:51,WIN-EMP-04,a.jones,dns_query,chrome.exe,github.com,github.com,443,allowed,1727,
2026-03-16T09:27:56,WIN-EMP-07,j.smith,dns_query,chrome.exe,office.com,office.com,443,allowed,437,
2026-03-16T09:28:00,WIN-EMP-02,f.miller,dns_query,chrome.exe,bing.com,bing.com,443,allowed,492,
2026-03-16T09:28:03,WIN-EMP-05,d.ali,dns_query,chrome.exe,github.com,github.com,443,allowed,1014,
2026-03-16T09:28:08,WIN-EMP-05,e.khan,dns_query,chrome.exe,microsoft.com,microsoft.com,443,allowed,816,
2026-03-16T09:28:11,WIN-EMP-06,d.ali,dns_query,chrome.exe,github.com,github.com,443,allowed,1817,
2026-03-16T09:28:16,WIN-EMP-05,e.khan,dns_query,chrome.exe,office.com,office.com,443,allowed,305,
2026-03-16T09:28:18,WIN-EMP-01,b.smith,dns_query,chrome.exe,google.com,google.com,443,allowed,1902,
2026-03-16T09:28:22,WIN-EMP-06,c.lee,dns_query,chrome.exe,microsoft.com,microsoft.com,443,allowed,1234,
2026-03-16T09:28:27,WIN-EMP-04,f.miller,dns_query,chrome.exe,google.com,google.com,443,allowed,1919,
2026-03-16T09:28:28,WIN-EMP-05,a.jones,dns_query,chrome.exe,office.com,office.com,443,allowed,1905,
2026-03-16T09:28:33,WIN-EMP-02,j.smith,dns_query,chrome.exe,microsoft.com,microsoft.com,443,allowed,1582,
2026-03-16T09:28:36,WIN-EMP-06,a.jones,dns_query,chrome.exe,bing.com,bing.com,443,allowed,885,
2026-03-16T09:28:37,WIN-EMP-06,c.lee,dns_query,chrome.exe,bing.com,bing.com,443,allowed,331,
2026-03-16T09:28:42,WIN-EMP-03,a.jones,dns_query,chrome.exe,office.com,office.com,443,allowed,953,
2026-03-16T09:28:47,WIN-EMP-01,f.miller,dns_query,chrome.exe,office.com,office.com,443,allowed,783,
2026-03-16T09:28:48,WIN-EMP-01,c.lee,dns_query,chrome.exe,office.com,office.com,443,allowed,1370,
2026-03-16T09:28:51,WIN-EMP-05,b.smith,dns_query,chrome.exe,github.com,github.com,443,allowed,1457,
2026-03-16T09:28:52,WIN-EMP-03,e.khan,dns_query,chrome.exe,microsoft.com,microsoft.com,443,allowed,396,
2026-03-16T09:28:53,WIN-EMP-05,j.smith,dns_query,chrome.exe,bing.com,bing.com,443,allowed,1837,
2026-03-16T09:28:54,WIN-EMP-04,d.ali,dns_query,chrome.exe,bing.com,bing.com,443,allowed,313,
2026-03-16T09:28:56,WIN-EMP-01,j.smith,dns_query,chrome.exe,github.com,github.com,443,allowed,653,
2026-03-16T09:29:01,WIN-EMP-02,b.smith,dns_query,chrome.exe,microsoft.com,microsoft.com,443,allowed,1091,
2026-03-16T09:29:02,WIN-EMP-02,b.smith,dns_query,chrome.exe,github.com,github.com,443,allowed,1311,
2026-03-16T09:29:07,WIN-EMP-03,e.khan,dns_query,chrome.exe,github.com,github.com,443,allowed,540,
2026-03-16T09:29:09,WIN-EMP-03,f.miller,dns_query,chrome.exe,github.com,github.com,443,allowed,591,
2026-03-16T09:29:12,WIN-EMP-06,e.khan,dns_query,chrome.exe,bing.com,bing.com,443,allowed,849,
2026-03-16T09:29:14,WIN-EMP-05,f.miller,dns_query,chrome.exe,office.com,office.com,443,allowed,311,
2026-03-16T09:29:18,WIN-EMP-05,f.miller,dns_query,chrome.exe,microsoft.com,microsoft.com,443,allowed,1527,
2026-03-16T09:29:19,WIN-EMP-06,e.khan,dns_query,chrome.exe,bing.com,bing.com,443,allowed,356,
2026-03-16T09:29:20,WIN-EMP-05,d.ali,dns_query,chrome.exe,github.com,github.com,443,allowed,561,
2026-03-16T09:29:24,WIN-EMP-01,b.smith,dns_query,chrome.exe,bing.com,bing.com,443,allowed,1677,
2026-03-16T09:29:29,WIN-EMP-04,a.jones,dns_query,chrome.exe,google.com,google.com,443,allowed,709,
2026-03-16T09:29:32,WIN-EMP-06,d.ali,dns_query,chrome.exe,microsoft.com,microsoft.com,443,allowed,536,
2026-03-16T09:29:35,WIN-EMP-01,e.khan,dns_query,chrome.exe,office.com,office.com,443,allowed,417,
2026-03-16T09:29:39,WIN-EMP-01,e.khan,dns_query,chrome.exe,google.com,google.com,443,allowed,1830,
2026-03-16T09:29:42,WIN-EMP-05,c.lee,dns_query,chrome.exe,github.com,github.com,443,allowed,1655,
2026-03-16T09:29:47,WIN-EMP-05,c.lee,dns_query,chrome.exe,office.com,office.com,443,allowed,1975,
2026-03-16T09:29:48,WIN-EMP-07,f.miller,dns_query,chrome.exe,bing.com,bing.com,443,allowed,1385,
2026-03-16T09:29:50,WIN-EMP-05,c.lee,dns_query,chrome.exe,office.com,office.com,443,allowed,1016,
2026-03-16T09:29:53,WIN-EMP-05,j.smith,dns_query,chrome.exe,microsoft.com,microsoft.com,443,allowed,608,
2026-03-16T09:29:57,WIN-EMP-05,j.smith,dns_query,chrome.exe,office.com,office.com,443,allowed,854,
2026-03-16T09:30:02,WIN-EMP-05,b.smith,dns_query,chrome.exe,github.com,github.com,443,allowed,720,
2026-03-16T09:30:07,WIN-EMP-02,c.lee,dns_query,chrome.exe,microsoft.com,microsoft.com,443,allowed,1682,
2026-03-16T09:30:12,WIN-EMP-02,c.lee,dns_query,chrome.exe,github.com,github.com,443,allowed,440,
2026-03-16T09:30:13,WIN-EMP-05,a.jones,dns_query,chrome.exe,github.com,github.com,443,allowed,1052,
2026-03-16T09:30:18,WIN-EMP-03,a.jones,dns_query,chrome.exe,office.com,office.com,443,allowed,872,
2026-03-16T09:30:21,WIN-EMP-05,e.khan,dns_query,chrome.exe,google.com,google.com,443,allowed,1616,
2026-03-16T09:30:23,WIN-EMP-05,c.lee,dns_query,chrome.exe,github.com,github.com,443,allowed,1449,
2026-03-16T09:30:25,WIN-EMP-01,j.smith,dns_query,chrome.exe,github.com,github.com,443,allowed,391,
2026-03-16T09:30:30,WIN-EMP-03,b.smith,dns_query,chrome.exe,microsoft.com,microsoft.com,443,allowed,767,
2026-03-16T09:30:35,WIN-EMP-02,f.miller,dns_query,chrome.exe,google.com,google.com,443,allowed,1526,
2026-03-16T09:30:37,WIN-EMP-04,b.smith,dns_query,chrome.exe,google.com,google.com,443,allowed,787,
2026-03-16T09:30:38,WIN-EMP-05,e.khan,dns_query,chrome.exe,google.com,google.com,443,allowed,540,
2026-03-16T09:30:39,WIN-EMP-05,e.khan,dns_query,chrome.exe,office.com,office.com,443,allowed,1979,
2026-03-16T09:30:44,WIN-EMP-05,c.lee,dns_query,chrome.exe,bing.com,bing.com,443,allowed,1964,
2026-03-16T09:30:45,WIN-EMP-02,a.jones,dns_query,chrome.exe,office.com,office.com,443,allowed,1011,
2026-03-16T09:30:47,WIN-EMP-04,a.jones,dns_query,chrome.exe,microsoft.com,microsoft.com,443,allowed,516,
2026-03-16T09:30:51,WIN-EMP-05,f.miller,dns_query,chrome.exe,microsoft.com,microsoft.com,443,allowed,677,
2026-03-16T09:30:53,WIN-EMP-04,c.lee,dns_query,chrome.exe,github.com,github.com,443,allowed,912,
2026-03-16T09:30:58,WIN-EMP-03,a.jones,dns_query,chrome.exe,office.com,office.com,443,allowed,950,
2026-03-16T09:30:59,WIN-EMP-04,e.khan,dns_query,chrome.exe,bing.com,bing.com,443,allowed,1898,
2026-03-16T09:31:00,WIN-EMP-03,j.smith,dns_query,chrome.exe,github.com,github.com,443,allowed,753,
2026-03-16T09:31:03,WIN-EMP-05,b.smith,dns_query,chrome.exe,office.com,office.com,443,allowed,1455,
2026-03-16T09:31:07,WIN-EMP-05,e.khan,dns_query,chrome.exe,microsoft.com,microsoft.com,443,allowed,1236,
2026-03-16T09:31:09,WIN-EMP-07,b.smith,dns_query,chrome.exe,microsoft.com,microsoft.com,443,allowed,970,
2026-03-16T09:31:10,WIN-EMP-07,d.ali,dns_query,chrome.exe,github.com,github.com,443,allowed,1225,
2026-03-16T09:31:12,WIN-EMP-05,e.khan,dns_query,chrome.exe,google.com,google.com,443,allowed,1764,
2026-03-16T09:31:13,WIN-EMP-05,b.smith,dns_query,chrome.exe,github.com,github.com,443,allowed,1069,
2026-03-16T09:31:16,WIN-EMP-06,b.smith,dns_query,chrome.exe,google.com,google.com,443,allowed,517,
2026-03-16T09:31:20,WIN-EMP-02,a.jones,dns_query,chrome.exe,office.com,office.com,443,allowed,1239,
2026-03-16T09:31:22,WIN-EMP-07,c.lee,dns_query,chrome.exe,bing.com,bing.com,443,allowed,937,
2026-03-16T09:31:25,WIN-EMP-01,b.smith,dns_query,chrome.exe,bing.com,bing.com,443,allowed,1331,
2026-03-16T09:31:27,WIN-EMP-03,a.jones,dns_query,chrome.exe,office.com,office.com,443,allowed,327,
2026-03-16T09:31:31,WIN-EMP-04,e.khan,dns_query,chrome.exe,github.com,github.com,443,allowed,1156,
2026-03-16T09:31:35,WIN-EMP-01,a.jones,dns_query,chrome.exe,office.com,office.com,443,allowed,1464,
2026-03-16T09:31:39,WIN-EMP-06,c.lee,dns_query,chrome.exe,office.com,office.com,443,allowed,1259,
2026-03-16T09:31:44,WIN-EMP-02,j.smith,dns_query,chrome.exe,microsoft.com,microsoft.com,443,allowed,1310,
2026-03-16T09:31:46,WIN-EMP-01,b.smith,dns_query,chrome.exe,github.com,github.com,443,allowed,844,
2026-03-16T09:31:50,WIN-EMP-01,j.smith,dns_query,chrome.exe,google.com,google.com,443,allowed,952,
2026-03-16T09:31:53,WIN-EMP-07,c.lee,dns_query,chrome.exe,bing.com,bing.com,443,allowed,396,
2026-03-16T09:31:56,WIN-EMP-06,c.lee,dns_query,chrome.exe,google.com,google.com,443,allowed,1622,
2026-03-16T09:31:57,WIN-EMP-02,c.lee,dns_query,chrome.exe,github.com,github.com,443,allowed,701,
2026-03-16T09:31:58,WIN-EMP-03,d.ali,dns_query,chrome.exe,google.com,google.com,443,allowed,982,
2026-03-16T09:31:59,WIN-EMP-01,e.khan,dns_query,chrome.exe,microsoft.com,microsoft.com,443,allowed,379,
2026-03-16T09:32:04,WIN-EMP-06,f.miller,dns_query,chrome.exe,bing.com,bing.com,443,allowed,984,
2026-03-16T09:32:08,WIN-EMP-02,a.jones,dns_query,chrome.exe,microsoft.com,microsoft.com,443,allowed,1519,
2026-03-16T09:32:13,WIN-EMP-06,e.khan,dns_query,chrome.exe,bing.com,bing.com,443,allowed,646,
2026-03-16T09:32:14,WIN-EMP-06,d.ali,dns_query,chrome.exe,microsoft.com,microsoft.com,443,allowed,1767,
2026-03-16T09:32:17,WIN-EMP-01,f.miller,dns_query,chrome.exe,github.com,github.com,443,allowed,1812,
2026-03-16T09:32:22,WIN-EMP-01,a.jones,dns_query,chrome.exe,google.com,google.com,443,allowed,560,
2026-03-16T09:32:24,WIN-EMP-01,f.miller,dns_query,chrome.exe,office.com,office.com,443,allowed,899,
2026-03-16T09:32:25,WIN-EMP-07,c.lee,dns_query,chrome.exe,microsoft.com,microsoft.com,443,allowed,425,
2026-03-16T09:32:27,WIN-EMP-07,e.khan,dns_query,chrome.exe,office.com,office.com,443,allowed,336,
2026-03-16T09:32:31,WIN-EMP-05,j.smith,dns_query,chrome.exe,office.com,office.com,443,allowed,1072,
2026-03-16T09:32:32,WIN-EMP-05,d.ali,dns_query,chrome.exe,microsoft.com,microsoft.com,443,allowed,1120,
2026-03-16T09:32:33,WIN-EMP-04,b.smith,dns_query,chrome.exe,github.com,github.com,443,allowed,1723,
2026-03-16T09:32:37,WIN-EMP-07,b.smith,dns_query,chrome.exe,microsoft.com,microsoft.com,443,allowed,1326,
2026-03-16T09:32:41,WIN-EMP-07,b.smith,dns_query,chrome.exe,microsoft.com,microsoft.com,443,allowed,1795,
2026-03-16T09:32:45,WIN-EMP-07,j.smith,dns_query,chrome.exe,office.com,office.com,443,allowed,453,
2026-03-16T09:32:50,WIN-EMP-07,e.khan,dns_query,chrome.exe,office.com,office.com,443,allowed,1003,
2026-03-16T09:32:55,WIN-EMP-03,f.miller,dns_query,chrome.exe,github.com,github.com,443,allowed,843,
2026-03-16T09:32:59,WIN-EMP-03,c.lee,dns_query,chrome.exe,office.com,office.com,443,allowed,1238,
2026-03-16T09:33:02,WIN-EMP-05,e.khan,dns_query,chrome.exe,office.com,office.com,443,allowed,1662,
2026-03-16T09:33:07,WIN-EMP-03,d.ali,dns_query,chrome.exe,google.com,google.com,443,allowed,219,
2026-03-16T09:33:11,WIN-EMP-05,e.khan,dns_query,chrome.exe,github.com,github.com,443,allowed,1720,
2026-03-16T09:33:13,WIN-EMP-07,c.lee,dns_query,chrome.exe,office.com,office.com,443,allowed,840,
2026-03-16T09:33:18,WIN-EMP-06,c.lee,dns_query,chrome.exe,microsoft.com,microsoft.com,443,allowed,1560,
2026-03-16T09:33:20,WIN-EMP-03,d.ali,dns_query,chrome.exe,microsoft.com,microsoft.com,443,allowed,1600,
2026-03-16T09:33:24,WIN-EMP-03,e.khan,dns_query,chrome.exe,github.com,github.com,443,allowed,1059,
2026-03-16T09:33:26,WIN-EMP-03,j.smith,dns_query,chrome.exe,bing.com,bing.com,443,allowed,309,
2026-03-16T09:33:27,WIN-EMP-07,j.smith,dns_query,chrome.exe,google.com,google.com,443,allowed,1481,
2026-03-16T09:33:31,WIN-EMP-02,f.miller,dns_query,chrome.exe,office.com,office.com,443,allowed,927,
2026-03-16T09:33:33,WIN-EMP-05,a.jones,dns_query,chrome.exe,microsoft.com,microsoft.com,443,allowed,1139,
2026-03-16T09:33:34,WIN-EMP-06,b.smith,dns_query,chrome.exe,microsoft.com,microsoft.com,443,allowed,965,
2026-03-16T09:33:38,WIN-EMP-03,f.miller,dns_query,chrome.exe,github.com,github.com,443,allowed,1749,
2026-03-16T09:33:40,WIN-EMP-01,j.smith,dns_query,chrome.exe,bing.com,bing.com,443,allowed,1772,
2026-03-16T09:33:43,WIN-EMP-07,e.khan,dns_query,chrome.exe,google.com,google.com,443,allowed,1258,
2026-03-16T09:33:44,WIN-EMP-06,a.jones,dns_query,chrome.exe,github.com,github.com,443,allowed,744,
2026-03-16T09:33:48,WIN-EMP-07,f.miller,dns_query,chrome.exe,bing.com,bing.com,443,allowed,852,
2026-03-16T09:33:52,WIN-EMP-02,b.smith,dns_query,chrome.exe,office.com,office.com,443,allowed,1804,
2026-03-16T09:33:54,WIN-EMP-06,b.smith,dns_query,chrome.exe,github.com,github.com,443,allowed,405,
2026-03-16T09:33:58,WIN-EMP-04,d.ali,dns_query,chrome.exe,office.com,office.com,443,allowed,1076,
2026-03-16T09:33:59,WIN-EMP-01,c.lee,dns_query,chrome.exe,office.com,office.com,443,allowed,1738,
2026-03-16T09:34:01,WIN-EMP-06,c.lee,dns_query,chrome.exe,google.com,google.com,443,allowed,955,
2026-03-16T09:34:03,WIN-EMP-06,j.smith,dns_query,chrome.exe,google.com,google.com,443,allowed,275,
2026-03-16T09:34:05,WIN-EMP-06,e.khan,dns_query,chrome.exe,microsoft.com,microsoft.com,443,allowed,1821,
2026-03-16T09:34:06,WIN-EMP-05,e.khan,dns_query,chrome.exe,github.com,github.com,443,allowed,397,
2026-03-16T09:34:07,WIN-EMP-03,b.smith,dns_query,chrome.exe,office.com,office.com,443,allowed,528,
2026-03-16T09:34:11,WIN-EMP-01,b.smith,dns_query,chrome.exe,office.com,office.com,443,allowed,1247,
2026-03-16T09:34:15,WIN-EMP-05,d.ali,dns_query,chrome.exe,office.com,office.com,443,allowed,334,
2026-03-16T09:34:20,WIN-EMP-06,a.jones,dns_query,chrome.exe,microsoft.com,microsoft.com,443,allowed,995,
2026-03-16T09:34:24,WIN-EMP-05,b.smith,dns_query,chrome.exe,bing.com,bing.com,443,allowed,1706,
2026-03-16T09:34:26,WIN-EMP-05,a.jones,dns_query,chrome.exe,bing.com,bing.com,443,allowed,1998,
2026-03-16T09:34:28,WIN-EMP-02,j.smith,dns_query,chrome.exe,microsoft.com,microsoft.com,443,allowed,1307,
2026-03-16T09:34:29,WIN-EMP-03,j.smith,dns_query,chrome.exe,microsoft.com,microsoft.com,443,allowed,466,
2026-03-16T09:34:31,WIN-EMP-07,f.miller,dns_query,chrome.exe,github.com,github.com,443,allowed,1986,
2026-03-16T09:34:36,WIN-EMP-06,f.miller,dns_query,chrome.exe,microsoft.com,microsoft.com,443,allowed,266,
2026-03-16T09:34:40,WIN-EMP-07,f.miller,dns_query,chrome.exe,bing.com,bing.com,443,allowed,279,
2026-03-16T09:34:42,WIN-EMP-07,j.smith,dns_query,chrome.exe,github.com,github.com,443,allowed,1955,
2026-03-16T09:34:44,WIN-EMP-07,b.smith,dns_query,chrome.exe,bing.com,bing.com,443,allowed,1533,
2026-03-16T09:34:46,WIN-EMP-07,j.smith,dns_query,chrome.exe,github.com,github.com,443,allowed,1031,
2026-03-16T09:34:47,WIN-EMP-06,a.jones,dns_query,chrome.exe,google.com,google.com,443,allowed,607,
2026-03-16T09:34:51,WIN-EMP-07,c.lee,dns_query,chrome.exe,microsoft.com,microsoft.com,443,allowed,1268,
2026-03-16T09:34:55,WIN-EMP-01,j.smith,dns_query,chrome.exe,bing.com,bing.com,443,allowed,297,
2026-03-16T09:34:56,WIN-EMP-05,j.smith,dns_query,chrome.exe,bing.com,bing.com,443,allowed,979,
2026-03-16T09:12:10,WIN-EMP-07,j.smith,web_request,iexplore.exe,dailynk.com,dailynk.com,80,allowed,12453,
2026-03-16T09:12:14,WIN-EMP-07,j.smith,dns_query,iexplore.exe,jquery.services,jquery.services,80,allowed,320,
2026-03-16T09:12:18,WIN-EMP-07,j.smith,process_create,bluelight.exe,,,,executed,0,iexplore.exe
2026-03-16T09:12:38,WIN-EMP-07,j.smith,network_connection,bluelight.exe,,graph.microsoft.com,443,connect,226,
2026-03-16T09:12:39,WIN-EMP-07,j.smith,file_create,bluelight.exe,scr_000.jpg,,,created,0,
2026-03-16T09:12:43,WIN-EMP-07,j.smith,web_request,bluelight.exe,/v1.0/me/drive/root:/normal/scr_000.jpg:/content,graph.microsoft.com,443,upload,257475,
2026-03-16T09:13:08,WIN-EMP-07,j.smith,network_connection,bluelight.exe,,graph.microsoft.com,443,connect,228,
2026-03-16T09:13:09,WIN-EMP-07,j.smith,file_create,bluelight.exe,scr_001.jpg,,,created,0,
2026-03-16T09:13:13,WIN-EMP-07,j.smith,web_request,bluelight.exe,/v1.0/me/drive/root:/normal/scr_001.jpg:/content,graph.microsoft.com,443,upload,213123,
2026-03-16T09:13:38,WIN-EMP-07,j.smith,network_connection,bluelight.exe,,graph.microsoft.com,443,connect,486,
2026-03-16T09:13:39,WIN-EMP-07,j.smith,file_create,bluelight.exe,scr_002.jpg,,,created,0,
2026-03-16T09:13:43,WIN-EMP-07,j.smith,web_request,bluelight.exe,/v1.0/me/drive/root:/normal/scr_002.jpg:/content,graph.microsoft.com,443,upload,229069,
2026-03-16T09:14:08,WIN-EMP-07,j.smith,network_connection,bluelight.exe,,graph.microsoft.com,443,connect,240,
2026-03-16T09:14:09,WIN-EMP-07,j.smith,file_create,bluelight.exe,scr_003.jpg,,,created,0,
2026-03-16T09:14:13,WIN-EMP-07,j.smith,web_request,bluelight.exe,/v1.0/me/drive/root:/normal/scr_003.jpg:/content,graph.microsoft.com,443,upload,218404,
2026-03-16T09:14:38,WIN-EMP-07,j.smith,network_connection,bluelight.exe,,graph.microsoft.com,443,connect,217,
2026-03-16T09:14:39,WIN-EMP-07,j.smith,file_create,bluelight.exe,scr_004.jpg,,,created,0,
2026-03-16T09:14:43,WIN-EMP-07,j.smith,web_request,bluelight.exe,/v1.0/me/drive/root:/normal/scr_004.jpg:/content,graph.microsoft.com,443,upload,200627,
2026-03-16T09:15:08,WIN-EMP-07,j.smith,network_connection,bluelight.exe,,graph.microsoft.com,443,connect,358,
2026-03-16T09:15:09,WIN-EMP-07,j.smith,file_create,bluelight.exe,scr_005.jpg,,,created,0,
2026-03-16T09:15:13,WIN-EMP-07,j.smith,web_request,bluelight.exe,/v1.0/me/drive/root:/normal/scr_005.jpg:/content,graph.microsoft.com,443,upload,241519,
2026-03-16T09:15:38,WIN-EMP-07,j.smith,network_connection,bluelight.exe,,graph.microsoft.com,443,connect,364,
2026-03-16T09:15:39,WIN-EMP-07,j.smith,file_create,bluelight.exe,scr_006.jpg,,,created,0,
2026-03-16T09:15:43,WIN-EMP-07,j.smith,web_request,bluelight.exe,/v1.0/me/drive/root:/normal/scr_006.jpg:/content,graph.microsoft.com,443,upload,203280,
2026-03-16T09:16:08,WIN-EMP-07,j.smith,network_connection,bluelight.exe,,graph.microsoft.com,443,connect,422,
2026-03-16T09:16:09,WIN-EMP-07,j.smith,file_create,bluelight.exe,scr_007.jpg,,,created,0,
2026-03-16T09:16:13,WIN-EMP-07,j.smith,web_request,bluelight.exe,/v1.0/me/drive/root:/normal/scr_007.jpg:/content,graph.microsoft.com,443,upload,225804,
2026-03-16T09:16:38,WIN-EMP-07,j.smith,network_connection,bluelight.exe,,graph.microsoft.com,443,connect,371,
2026-03-16T09:16:39,WIN-EMP-07,j.smith,file_create,bluelight.exe,scr_008.jpg,,,created,0,
2026-03-16T09:16:43,WIN-EMP-07,j.smith,web_request,bluelight.exe,/v1.0/me/drive/root:/normal/scr_008.jpg:/content,graph.microsoft.com,443,upload,227852,
2026-03-16T09:17:08,WIN-EMP-07,j.smith,network_connection,bluelight.exe,,graph.microsoft.com,443,connect,406,
2026-03-16T09:17:09,WIN-EMP-07,j.smith,file_create,bluelight.exe,scr_009.jpg,,,created,0,
2026-03-16T09:17:13,WIN-EMP-07,j.smith,web_request,bluelight.exe,/v1.0/me/drive/root:/normal/scr_009.jpg:/content,graph.microsoft.com,443,upload,245655,
2026-03-16T09:17:48,WIN-EMP-07,j.smith,file_create,bluelight.exe,chrome_creds.zip,,,created,0,
